{
  "entrance_data": [
    {
      "id": 1,
      "title": "Transaction details",
      "description": "",
      "action": "`otravel://balance/entrance",
      "icon_url": ""
    },
    {
      "id": 2,
      "title": "Voucher",
      "description": "Big discount",
      "action": "https://inokv.com/coupon",
      "icon_url": ""
    },
    {
      "id": 3,
      "title": "Rewards",
      "description": "",
      "action": "https://inokv.com/ocoins",
      "icon_url": ""
    },
    {
      "id": 4,
      "title": "Refer Friend",
      "description": "",
      "action": "https://inokv.com/activity-refer?activityNo=simpleInvite",
      "icon_url": ""
    },
    {
      "id": 5,
      "title": "Savings",
      "description": "Up to 12% P.A",
      "action": "otravel://savings/entrance",
      "icon_url": ""
    },
    {
      "id": 6,
      "title": "Bill payment",
      "description": "",
      "action": "https://opay.ng/utility-payments?guest=true&time=20200812",
      "icon_url": ""
    },
    {
      "id": 7,
      "title": "Add money",
      "description": "",
      "action": "otravel://add_money/entrance",
      "icon_url": ""
    },
    {
      "id": 8,
      "title": "Withdraw",
      "description": "",
      "action": "otravel://cashout/entrance",
      "icon_url": ""
    },
    {
      "id": 9,
      "title": "Commission Tracking",
      "description": "",
      "action": "https://opay.ng/commission-tracking",
      "icon_url": ""
    },
    {
      "id": 10,
      "title": "Complaints",
      "description": "",
      "action": "https://opay.ng/feedback",
      "icon_url": ""
    },
    {
      "id": 11,
      "title": "FAQ",
      "description": "",
      "action": "https://inokv.com/account-faq",
      "icon_url": ""
    },
    {
      "id": 12,
      "title": "Customer service",
      "description": "",
      "action": "otravel://hotline/entrance",
      "icon_url": ""
    },
    {
      "id": 13,
      "title": "Report scam",
      "description": "",
      "action": "otravel://report_scam/entrance",
      "icon_url": ""
    }
  ],
  "img_data": [
  ],
  "banner_data": [
  ]
}