 [
    {
      "remoteUrl": "/npm/jsencrypt@2.3.1/jsencrypt.min.js",
      "path": "js/jsencrypt.min.js",
      "mineType": "application/javascript"
    },
    {
      "remoteUrl": "/npm/art-template@4.13.2/lib/template-web.js",
      "path": "js/template-web.js",
      "mineType": "application/javascript"
    },
    {
      "remoteUrl": "npm/swiper@5.3.8/css/swiper.min.css",
      "path": "css/swiper.min.css",
      "mineType": "text/css"
    },
    {
      "remoteUrl": "npm/swiper@5.3.8/js/swiper.min.js",
      "path": "js/swiper.min.js",
      "mineType": "application/javascript"
    }
  ]
