{
  "message": "success",
  "code": 200,
  "data": {
    "total_saving_amount": 0,
    "banner_data": [],
    "tabs": [{
      "id": 8,
      "name": "Savings",
      "action": "",
      "code": "Saving",
      "uiType": 0
    }, {
      "id": 9,
      "name": "Loan",
      "action": "",
      "code": "Loan",
      "uiType": 0
    }],
    "tab_data_new": [
      [{
        "id": 13,
        "title": "OWealth",
        "content": "Enjoy daily returns and withdraw at any time. 15% p.a",
        "action": "https://owealthh5.opayweb.com/owealth",
        "description": null,
        "bank": "",
        "saving_rate": "",
        "rate_mark": "",
        "saving_period": "",
        "period_img_url": "",
        "rate_img_url": "",
        "rate_color": "#f5f3ff",
        "period_color": "#7b4fff",
        "img_url": null,
        "superscript_img_url": null,
        "loan_amount": null,
        "saving_amount": 149.59,
        "loan_color": null,
        "loan_bg_color": null,
        "price_img_url": null,
        "price": null
      }, {
        "id": 14,
        "title": "Fixed",
        "content": "Set 7-1000 days savings plan with as low as ₦1000. Up to 18% p.a",
        "action": "https://owealthh5.opayweb.com/saving",
        "description": null,
        "bank": "",
        "saving_rate": "",
        "rate_mark": "",
        "saving_period": "",
        "period_img_url": "",
        "rate_img_url": "",
        "rate_color": "#edfaf5",
        "period_color": "#00b873",
        "img_url": null,
        "superscript_img_url": null,
        "loan_amount": null,
        "saving_amount": 0.00,
        "loan_color": null,
        "loan_bg_color": null,
        "price_img_url": null,
        "price": null
      }],
      [{
        "id": 6,
        "title": "OKash",
        "content": "Get a loan instantly with a fast review, with loan limit up to ₦500,000.",
        "action": "otravel://okash_v2/entrance",
        "description": "Get a loan instantly with a fast review, with loan limit up to ₦500,000.",
        "bank": "Flexible loan term",
        "saving_rate": null,
        "rate_mark": null,
        "saving_period": null,
        "period_img_url": null,
        "rate_img_url": null,
        "rate_color": null,
        "period_color": null,
        "img_url": "",
        "superscript_img_url": null,
        "loan_amount": "Up to ₦500,000",
        "saving_amount": null,
        "loan_color": "#00b873",
        "loan_bg_color": "#edfaf5",
        "price_img_url": "",
        "price": ""
      }, {
        "id": 7,
        "title": "EaseMoni",
        "content": "5% service fee only, up to ₦1,000,000.",
        "action": "otravel://schemedispatcher?action=otravel://easemoni/entrance?ad_channel=finance",
        "description": "5% service fee only, up to ₦1,000,000.",
        "bank": "Low fee rate loan",
        "saving_rate": null,
        "rate_mark": null,
        "saving_period": null,
        "period_img_url": null,
        "rate_img_url": null,
        "rate_color": null,
        "period_color": null,
        "img_url": "",
        "superscript_img_url": null,
        "loan_amount": "up to ₦1,000,000",
        "saving_amount": null,
        "loan_color": "#00b873",
        "loan_bg_color": "#edfaf5",
        "price_img_url": "",
        "price": ""
      }]
    ]
  }
}