{
  "message": "success",
  "code": 200,
  "data": {
    "currentTime": 1642603576255,
    "map": null,
    "banner_new_data": [],
    "banner_second_data": [],
    "banner_data": [],
    "pay_head_group": null,
    "pay_cp_activity": null,
    "pay_cp_business": null,
    "pay_bottom_business": null,
    "pay_bottom_other": null,
    "pay_suggest_business": null,
    "home_finance": null,
    "home_bill_payment": null,
    "home_others": null,
    "home_list": [{
      "module": {
        "id": 35,
        "name": "Payment",
        "action": "",
        "code": "home_first",
        "uiType": 2
      },
      "data": [{
        "id": 322,
        "superscript": null,
        "name": "Airtime",
        "description": "Save more",
        "action": "otravel://airtime_data/entrance",
        "labelId": null,
        "service_id": 1,
        "superscript_url": null,
        "img_url": "",
        "bg_color": "",
        "des_color": "#8c8c8c"
      }, {
        "id": 323,
        "superscript": null,
        "name": "Mobile Data",
        "description": "",
        "action": "otravel://mobile_data/entrance",
        "labelId": null,
        "service_id": 1,
        "superscript_url": null,
        "img_url": "",
        "bg_color": "",
        "des_color": ""
      }, {
        "id": 324,
        "superscript": null,
        "name": "Betting",
        "description": "",
        "action": "otravel://betting/entrance",
        "labelId": null,
        "service_id": 1,
        "superscript_url": null,
        "img_url": "",
        "bg_color": "",
        "des_color": ""
      }, {
        "id": 325,
        "superscript": null,
        "name": "TV",
        "description": "Instantly top-up",
        "action": "otravel://TV/entrance",
        "labelId": null,
        "service_id": 1,
        "superscript_url": null,
        "img_url": "",
        "bg_color": "",
        "des_color": "#8c8c8c"
      }, {
        "id": 326,
        "superscript": null,
        "name": "Electricity",
        "description": "",
        "action": "otravel://electricity/entrance",
        "labelId": null,
        "service_id": 1,
        "superscript_url": null,
        "img_url": "",
        "bg_color": "",
        "des_color": ""
      }, {
        "id": 327,
        "superscript": null,
        "name": "Internet Services",
        "description": "Pay anywhere",
        "action": "https://opay.ng/biller-list?cId=149&cName=Internet%20Services",
        "labelId": null,
        "service_id": 1,
        "superscript_url": null,
        "img_url": "",
        "bg_color": "",
        "des_color": "#8c8c8c"
      }, {
        "id": 328,
        "superscript": null,
        "name": "Deals",
        "description": "",
        "action": "otravel://localshop/entrance",
        "labelId": null,
        "service_id": 1,
        "superscript_url": null,
        "img_url": "",
        "bg_color": "",
        "des_color": ""
      }, {
        "id": 329,
        "superscript": null,
        "name": "More",
        "description": "2000+ billers",
        "action": "otravel://billpayment/entrance",
        "labelId": null,
        "service_id": 1,
        "superscript_url": null,
        "img_url": "",
        "bg_color": "",
        "des_color": "#8c8c8c"
      }]
    }, {
      "module": {
        "id": 36,
        "name": "home_second",
        "action": "",
        "code": "home_second",
        "uiType": 2
      },
      "data": []
    }, {
      "module": {
        "id": 37,
        "name": "home_third",
        "action": "",
        "code": "home_third",
        "uiType": 2
      },
      "data": []
    }],
    "popup_data": [],
    "float_ad_data": null,
    "activity_resp": null,
    "task_data": {
      "newbie_task": null,
      "daily_tasks": null
    },
    "home_head_list": [{
      "module":{
        "id":33,
        "name":"home_head",
        "action":"",
        "code":"home_head",
        "uiType":1,
        "superscript":null
      },
      "data":[
        {
          "id":244,
          "superscript":null,
          "name":"Add money",
          "description":"",
          "action":"otravel://add_money_group/entrance",
          "labelId":null,
          "moduleCode":null,
          "superscriptType":"superscript",
          "adpCode":"",
          "service_id":1,
          "superscript_url":null,
          "img_url":"https://opayweb.com/image/image/1fa3296c8911f24b9b1c8f960fc0cd33.png",
          "bg_color":"",
          "des_color":""
        },
        {
          "id":245,
          "superscript":null,
          "name":"Transfer",
          "description":"",
          "action":"otravel://transfer_group/entrance?guest=true",
          "labelId":null,
          "moduleCode":null,
          "superscriptType":"superscript",
          "adpCode":"",
          "service_id":1,
          "superscript_url":null,
          "img_url":"https://opayweb.com/image/image/457d253d92de1506c2fed9e3684ddd53.png",
          "bg_color":"",
          "des_color":""
        },
        {
          "id":247,
          "superscript":null,
          "name":"Withdraw",
          "description":"",
          "action":"otravel://cashout/entrance",
          "labelId":null,
          "moduleCode":null,
          "superscriptType":"superscript",
          "adpCode":"",
          "service_id":1,
          "superscript_url":null,
          "img_url":"https://opayweb.com/image/image/8a623527a6eb445164a4300e245a5289.png",
          "bg_color":"",
          "des_color":""
        }
      ]
    }]
  }
}