[
  {
    "name": "Abia",
    "id": 1,
    "citys": [
      {
        "name": "Aba",
        "id": 1
      },
      {
        "name": "Akwete",
        "id": 2
      },
      {
        "name": "Arochukwu",
        "id": 3
      },
      {
        "name": "Bende",
        "id": 4
      },
      {
        "name": "Ebem Ohafia",
        "id": 5
      },
      {
        "name": "Isiala Oboro",
        "id": 6
      },
      {
        "name": "Mbalano",
        "id": 7
      },
      {
        "name": "Mgboko",
        "id": 8
      },
      {
        "name": "Nkwoagu Isuochi",
        "id": 9
      },
      {
        "name": "Oke-Ikpe",
        "id": 10
      },
      {
        "name": "Okpuala-Ngwa",
        "id": 11
      },
      {
        "name": "Omoba",
        "id": 12
      },
      {
        "name": "Osisioma",
        "id": 13
      },
      {
        "name": "Umuahia",
        "id": 14
      }
    ],
    "locals": [
      {
        "name": "Aba South",
        "id": 1
      },
      {
        "name": "Arochukwu",
        "id": 2
      },
      {
        "name": "Bende",
        "id": 3
      },
      {
        "name": "Ikwuano",
        "id": 4
      },
      {
        "name": "Isiala Ngwa North",
        "id": 5
      },
      {
        "name": "Isiala Ngwa South",
        "id": 6
      },
      {
        "name": "Isuikwuato",
        "id": 7
      },
      {
        "name": "Obi Ngwa",
        "id": 8
      },
      {
        "name": "Ohafia",
        "id": 9
      },
      {
        "name": "Osisioma",
        "id": 10
      },
      {
        "name": "Ugwunagbo",
        "id": 11
      },
      {
        "name": "Ukwa East",
        "id": 12
      },
      {
        "name": "Ukwa West",
        "id": 13
      },
      {
        "name": "Umuahia North",
        "id": 14
      },
      {
        "name": "Umuahia South",
        "id": 15
      },
      {
        "name": "Umu Nneochi",
        "id": 16
      }
    ]
  },
  {
    "name": "Adamawa",
    "id": 2,
    "citys": [
      {
        "name": "Demsa",
        "id": 1
      },
      {
        "name": "Fufore",
        "id": 2
      },
      {
        "name": "Ganye",
        "id": 3
      },
      {
        "name": "Gella",
        "id": 4
      },
      {
        "name": "Girei",
        "id": 5
      },
      {
        "name": "Gombi",
        "id": 6
      },
      {
        "name": "Gulak",
        "id": 7
      },
      {
        "name": "Guyuk",
        "id": 8
      },
      {
        "name": "Hong",
        "id": 9
      },
      {
        "name": "Jada",
        "id": 10
      },
      {
        "name": "Jimeta",
        "id": 11
      },
      {
        "name": "Lamurde",
        "id": 12
      },
      {
        "name": "Maiha",
        "id": 13
      },
      {
        "name": "Mayo-Belwa",
        "id": 14
      },
      {
        "name": "Michika",
        "id": 15
      },
      {
        "name": "Mubi",
        "id": 16
      },
      {
        "name": "Numan",
        "id": 17
      },
      {
        "name": "Shelleng",
        "id": 18
      },
      {
        "name": "Song",
        "id": 19
      },
      {
        "name": "Toungo",
        "id": 20
      },
      {
        "name": "Yola",
        "id": 21
      }
    ],
    "locals": [
      {
        "name": "Fufure",
        "id": 1
      },
      {
        "name": "Ganye",
        "id": 2
      },
      {
        "name": "Gayuk",
        "id": 3
      },
      {
        "name": "Gombi",
        "id": 4
      },
      {
        "name": "Grie",
        "id": 5
      },
      {
        "name": "Hong",
        "id": 6
      },
      {
        "name": "Jada",
        "id": 7
      },
      {
        "name": "Lamurde",
        "id": 8
      },
      {
        "name": "Madagali",
        "id": 9
      },
      {
        "name": "Maiha",
        "id": 10
      },
      {
        "name": "Mayo Belwa",
        "id": 11
      },
      {
        "name": "Michika",
        "id": 12
      },
      {
        "name": "Mubi North",
        "id": 13
      },
      {
        "name": "Mubi South",
        "id": 14
      },
      {
        "name": "Numan",
        "id": 15
      },
      {
        "name": "Shelleng",
        "id": 16
      },
      {
        "name": "Song",
        "id": 17
      },
      {
        "name": "Toungo",
        "id": 18
      },
      {
        "name": "Yola North",
        "id": 19
      },
      {
        "name": "Yola South",
        "id": 20
      }
    ]
  },
  {
    "name": "Akwa Ibom",
    "id": 3,
    "citys": [
      {
        "name": "Abak",
        "id": 1
      },
      {
        "name": "Abat",
        "id": 1
      },
      {
        "name": "Afaha Ikot Ebak",
        "id": 1
      },
      {
        "name": "Afaha Offiong",
        "id": 1
      },
      {
        "name": "Eket",
        "id": 1
      },
      {
        "name": "Enwang",
        "id": 1
      },
      {
        "name": "Etinan",
        "id": 1
      },
      {
        "name": "Eyofin",
        "id": 1
      },
      {
        "name": "Ibiaku Ntok Okpo",
        "id": 1
      },
      {
        "name": "Idu",
        "id": 1
      },
      {
        "name": "Ikot Abasi",
        "id": 1
      },
      {
        "name": "Ikot Akpa Nkuk",
        "id": 1
      },
      {
        "name": "Ikot Edibon",
        "id": 1
      },
      {
        "name": "Ikot Ekpene",
        "id": 1
      },
      {
        "name": "Ikot Ibritam",
        "id": 1
      },
      {
        "name": "Itu",
        "id": 1
      },
      {
        "name": "Mkpat Enin",
        "id": 1
      },
      {
        "name": "Nto Edino",
        "id": 1
      },
      {
        "name": "Nung Udoe",
        "id": 1
      },
      {
        "name": "Odoro Ikpe",
        "id": 1
      },
      {
        "name": "Odot",
        "id": 1
      },
      {
        "name": "Oko Ita",
        "id": 1
      },
      {
        "name": "Okopedi",
        "id": 1
      },
      {
        "name": "Okoroete",
        "id": 1
      },
      {
        "name": "Oron",
        "id": 1
      },
      {
        "name": "Upenekang",
        "id": 1
      },
      {
        "name": "Uquo",
        "id": 1
      },
      {
        "name": "Urua Inyang",
        "id": 1
      },
      {
        "name": "Urue Offong",
        "id": 1
      },
      {
        "name": "Utu Etim Ekpo",
        "id": 1
      },
      {
        "name": "Uyo",
        "id": 1
      }
    ],
    "locals": [
      {
        "name": "Eastern Obolo",
        "id": 1
      },
      {
        "name": "Eket",
        "id": 2
      },
      {
        "name": "Esit Eket",
        "id": 3
      },
      {
        "name": "Essien Udim",
        "id": 4
      },
      {
        "name": "Etim Ekpo",
        "id": 5
      },
      {
        "name": "Etinan",
        "id": 6
      },
      {
        "name": "Ibeno",
        "id": 7
      },
      {
        "name": "Ibesikpo Asutan",
        "id": 8
      },
      {
        "name": "Ibiono-Ibom",
        "id": 9
      },
      {
        "name": "Ika",
        "id": 10
      },
      {
        "name": "Ikono",
        "id": 11
      },
      {
        "name": "Ikot Abasi",
        "id": 12
      },
      {
        "name": "Ikot Ekpene",
        "id": 13
      },
      {
        "name": "Ini",
        "id": 14
      },
      {
        "name": "Itu",
        "id": 15
      },
      {
        "name": "Mbo",
        "id": 16
      },
      {
        "name": "Mkpat-Enin",
        "id": 17
      },
      {
        "name": "Nsit-Atai",
        "id": 18
      },
      {
        "name": "Nsit-Ibom",
        "id": 19
      },
      {
        "name": "Nsit-Ubium",
        "id": 20
      },
      {
        "name": "Obot Akara",
        "id": 21
      },
      {
        "name": "Okobo",
        "id": 22
      },
      {
        "name": "Onna",
        "id": 23
      },
      {
        "name": "Oron",
        "id": 24
      },
      {
        "name": "Oruk Anam",
        "id": 25
      },
      {
        "name": "Udung-Uko",
        "id": 26
      },
      {
        "name": "Ukanafun",
        "id": 27
      },
      {
        "name": "Uruan",
        "id": 28
      },
      {
        "name": "Urue-Offong\/Oruko",
        "id": 29
      },
      {
        "name": "Uyo",
        "id": 30
      }
    ]
  },
  {
    "name": "Anambra",
    "id": 4,
    "citys": [
      {
        "name": "Abagana",
        "id": 1
      },
      {
        "name": "Achalla",
        "id": 1
      },
      {
        "name": "Aguata",
        "id": 1
      },
      {
        "name": "Ajalli",
        "id": 1
      },
      {
        "name": "Anaku",
        "id": 1
      },
      {
        "name": "Atani",
        "id": 1
      },
      {
        "name": "Awka",
        "id": 1
      },
      {
        "name": "Ihiala",
        "id": 1
      },
      {
        "name": "Neni",
        "id": 1
      },
      {
        "name": "Nnewi",
        "id": 1
      },
      {
        "name": "Nteje",
        "id": 1
      },
      {
        "name": "Nzam",
        "id": 1
      },
      {
        "name": "Ogidi",
        "id": 1
      },
      {
        "name": "Ojoto",
        "id": 1
      },
      {
        "name": "Onitsha",
        "id": 1
      },
      {
        "name": "Otuocha",
        "id": 1
      },
      {
        "name": "Ozubulu",
        "id": 1
      },
      {
        "name": "Ukpo",
        "id": 1
      },
      {
        "name": "Ukpor",
        "id": 1
      },
      {
        "name": "Umunze",
        "id": 1
      }
    ],
    "locals": [
      {
        "name": "Anambra East",
        "id": 1
      },
      {
        "name": "Anambra West",
        "id": 2
      },
      {
        "name": "Anaocha",
        "id": 3
      },
      {
        "name": "Awka North",
        "id": 4
      },
      {
        "name": "Awka South",
        "id": 5
      },
      {
        "name": "Ayamelum",
        "id": 6
      },
      {
        "name": "Dunukofia",
        "id": 7
      },
      {
        "name": "Ekwusigo",
        "id": 8
      },
      {
        "name": "Idemili North",
        "id": 9
      },
      {
        "name": "Idemili South",
        "id": 10
      },
      {
        "name": "Ihiala",
        "id": 11
      },
      {
        "name": "Njikoka",
        "id": 12
      },
      {
        "name": "Nnewi North",
        "id": 13
      },
      {
        "name": "Nnewi South",
        "id": 14
      },
      {
        "name": "Ogbaru",
        "id": 15
      },
      {
        "name": "Onitsha North",
        "id": 16
      },
      {
        "name": "Onitsha South",
        "id": 17
      },
      {
        "name": "Orumba North",
        "id": 18
      },
      {
        "name": "Orumba South",
        "id": 19
      },
      {
        "name": "Oyi",
        "id": 20
      }
    ]
  },
  {
    "name": "Bauchi",
    "id": 5,
    "citys": [
      {
        "name": "Alkaleri",
        "id": 1
      },
      {
        "name": "Azare",
        "id": 1
      },
      {
        "name": "Bauchi",
        "id": 1
      },
      {
        "name": "Bogoro",
        "id": 1
      },
      {
        "name": "Dambam",
        "id": 1
      },
      {
        "name": "Darazo",
        "id": 1
      },
      {
        "name": "Dass",
        "id": 1
      },
      {
        "name": "Gamawa",
        "id": 1
      },
      {
        "name": "Giade",
        "id": 1
      },
      {
        "name": "Itas",
        "id": 1
      },
      {
        "name": "Jama’are",
        "id": 1
      },
      {
        "name": "Kafin Madaki",
        "id": 1
      },
      {
        "name": "Katagum",
        "id": 1
      },
      {
        "name": "Kirfi",
        "id": 1
      },
      {
        "name": "Misau",
        "id": 1
      },
      {
        "name": "Ningi",
        "id": 1
      },
      {
        "name": "Tafawa Balewa",
        "id": 1
      },
      {
        "name": "Toro",
        "id": 1
      },
      {
        "name": "Warji",
        "id": 1
      },
      {
        "name": "Yana",
        "id": 1
      }
    ],
    "locals": [
      {
        "name": "Bauchi",
        "id": 1
      },
      {
        "name": "Bogoro",
        "id": 2
      },
      {
        "name": "Damban",
        "id": 3
      },
      {
        "name": "Darazo",
        "id": 4
      },
      {
        "name": "Dass",
        "id": 5
      },
      {
        "name": "Gamawa",
        "id": 6
      },
      {
        "name": "Ganjuwa",
        "id": 7
      },
      {
        "name": "Giade",
        "id": 8
      },
      {
        "name": "Itas\/Gadau",
        "id": 9
      },
      {
        "name": "Jama'are",
        "id": 10
      },
      {
        "name": "Katagum",
        "id": 11
      },
      {
        "name": "Kirfi",
        "id": 12
      },
      {
        "name": "Misau",
        "id": 13
      },
      {
        "name": "Ningi",
        "id": 14
      },
      {
        "name": "Shira",
        "id": 15
      },
      {
        "name": "Tafawa Balewa",
        "id": 16
      },
      {
        "name": "Toro",
        "id": 17
      },
      {
        "name": "Warji",
        "id": 18
      },
      {
        "name": "Zaki",
        "id": 19
      }
    ]
  },
  {
    "name": "Bayelsa",
    "id": 6,
    "citys": [
      {
        "name": "Ekeremor",
        "id": 1
      },
      {
        "name": "Kaiama",
        "id": 1
      },
      {
        "name": "Nembe",
        "id": 1
      },
      {
        "name": "Ogbia",
        "id": 1
      },
      {
        "name": "Oporoma",
        "id": 1
      },
      {
        "name": "Sagbama",
        "id": 1
      },
      {
        "name": "Twon-Brass",
        "id": 1
      },
      {
        "name": "Yenagoa",
        "id": 1
      }
    ],
    "locals": [
      {
        "name": "Ekeremor",
        "id": 1
      },
      {
        "name": "Kolokuma\/Opokuma",
        "id": 2
      },
      {
        "name": "Nembe",
        "id": 3
      },
      {
        "name": "Ogbia",
        "id": 4
      },
      {
        "name": "Sagbama",
        "id": 5
      },
      {
        "name": "Southern Ijaw",
        "id": 6
      },
      {
        "name": "Yenagoa",
        "id": 7
      }
    ]
  },
  {
    "name": "Benue",
    "id": 7,
    "citys": [
      {
        "name": "Adikpo",
        "id": 1
      },
      {
        "name": "Aliade",
        "id": 1
      },
      {
        "name": "Buruku",
        "id": 1
      },
      {
        "name": "Gbajimba",
        "id": 1
      },
      {
        "name": "Gboko",
        "id": 1
      },
      {
        "name": "Igumale",
        "id": 1
      },
      {
        "name": "Katsina-Ala",
        "id": 1
      },
      {
        "name": "Lessel",
        "id": 1
      },
      {
        "name": "Makurdi",
        "id": 1
      },
      {
        "name": "Makurdi North",
        "id": 1
      },
      {
        "name": "Naka",
        "id": 1
      },
      {
        "name": "Obagaji",
        "id": 1
      },
      {
        "name": "Obarike-Ito",
        "id": 1
      },
      {
        "name": "Oju",
        "id": 1
      },
      {
        "name": "Okpoga",
        "id": 1
      },
      {
        "name": "Otukpa",
        "id": 1
      },
      {
        "name": "Otukpo",
        "id": 1
      },
      {
        "name": "Sankera",
        "id": 1
      },
      {
        "name": "Tse-Agberagba",
        "id": 1
      },
      {
        "name": "Ugba",
        "id": 1
      },
      {
        "name": "Ugbokpo",
        "id": 1
      },
      {
        "name": "Vandeikya",
        "id": 1
      },
      {
        "name": "Wannune",
        "id": 1
      }
    ],
    "locals": [
      {
        "name": "Apa",
        "id": 1
      },
      {
        "name": "Ado",
        "id": 2
      },
      {
        "name": "Buruku",
        "id": 3
      },
      {
        "name": "Gboko",
        "id": 4
      },
      {
        "name": "Guma",
        "id": 5
      },
      {
        "name": "Gwer East",
        "id": 6
      },
      {
        "name": "Gwer West",
        "id": 7
      },
      {
        "name": "Katsina-Ala",
        "id": 8
      },
      {
        "name": "Konshisha",
        "id": 9
      },
      {
        "name": "Kwande",
        "id": 10
      },
      {
        "name": "Logo",
        "id": 11
      },
      {
        "name": "Makurdi",
        "id": 12
      },
      {
        "name": "Obi",
        "id": 13
      },
      {
        "name": "Ogbadibo",
        "id": 14
      },
      {
        "name": "Ohimini",
        "id": 15
      },
      {
        "name": "Oju",
        "id": 16
      },
      {
        "name": "Okpokwu",
        "id": 17
      },
      {
        "name": "Oturkpo",
        "id": 18
      },
      {
        "name": "Tarka",
        "id": 19
      },
      {
        "name": "Ukum",
        "id": 20
      },
      {
        "name": "Ushongo",
        "id": 21
      },
      {
        "name": "Vandeikya",
        "id": 22
      }
    ]
  },
  {
    "name": "Borno",
    "id": 8,
    "citys": [
      {
        "name": "Askira",
        "id": 1
      },
      {
        "name": "Azare",
        "id": 1
      },
      {
        "name": "Bama",
        "id": 1
      },
      {
        "name": "Benisheikh",
        "id": 1
      },
      {
        "name": "Biu",
        "id": 1
      },
      {
        "name": "Briyel",
        "id": 1
      },
      {
        "name": "Buzawa",
        "id": 1
      },
      {
        "name": "Chibok",
        "id": 1
      },
      {
        "name": "Damasak",
        "id": 1
      },
      {
        "name": "Damboa",
        "id": 1
      },
      {
        "name": "Dikwa",
        "id": 1
      },
      {
        "name": "Gajiram",
        "id": 1
      },
      {
        "name": "Gamboru",
        "id": 1
      },
      {
        "name": "Gubio",
        "id": 1
      },
      {
        "name": "Gudumbali",
        "id": 1
      },
      {
        "name": "Gwoza",
        "id": 1
      },
      {
        "name": "Khaddamari",
        "id": 1
      },
      {
        "name": "Konduga",
        "id": 1
      },
      {
        "name": "Kukawa",
        "id": 1
      },
      {
        "name": "Kwaya Kusar",
        "id": 1
      },
      {
        "name": "Mafa",
        "id": 1
      },
      {
        "name": "Magumeri",
        "id": 1
      },
      {
        "name": "Maiduguri",
        "id": 1
      },
      {
        "name": "Mallam Fatori",
        "id": 1
      },
      {
        "name": "Marte",
        "id": 1
      },
      {
        "name": "Monguno",
        "id": 1
      },
      {
        "name": "Rann",
        "id": 1
      },
      {
        "name": "Shani",
        "id": 1
      }
    ],
    "locals": [
      {
        "name": "Askira\/Uba",
        "id": 1
      },
      {
        "name": "Bama",
        "id": 2
      },
      {
        "name": "Bayo",
        "id": 3
      },
      {
        "name": "Biu",
        "id": 4
      },
      {
        "name": "Chibok",
        "id": 5
      },
      {
        "name": "Damboa",
        "id": 6
      },
      {
        "name": "Dikwa",
        "id": 7
      },
      {
        "name": "Gubio",
        "id": 8
      },
      {
        "name": "Guzamala",
        "id": 9
      },
      {
        "name": "Gwoza",
        "id": 10
      },
      {
        "name": "Hawul",
        "id": 11
      },
      {
        "name": "Jere",
        "id": 12
      },
      {
        "name": "Kaga",
        "id": 13
      },
      {
        "name": "Kala\/Balge",
        "id": 14
      },
      {
        "name": "Konduga",
        "id": 15
      },
      {
        "name": "Kukawa",
        "id": 16
      },
      {
        "name": "Kwaya Kusar",
        "id": 17
      },
      {
        "name": "Mafa",
        "id": 18
      },
      {
        "name": "Magumeri",
        "id": 19
      },
      {
        "name": "Maiduguri",
        "id": 20
      },
      {
        "name": "Marte",
        "id": 21
      },
      {
        "name": "Mobbar",
        "id": 22
      },
      {
        "name": "Monguno",
        "id": 23
      },
      {
        "name": "Ngala",
        "id": 24
      },
      {
        "name": "Nganzai",
        "id": 25
      },
      {
        "name": "Shani",
        "id": 26
      }
    ]
  },
  {
    "name": "Cross River",
    "id": 9,
    "citys": [
      {
        "name": "Abuochiche",
        "id": 1
      },
      {
        "name": "Akamkpa",
        "id": 1
      },
      {
        "name": "Akpet Central",
        "id": 1
      },
      {
        "name": "Boje",
        "id": 1
      },
      {
        "name": "Calabar",
        "id": 1
      },
      {
        "name": "Effraya",
        "id": 1
      },
      {
        "name": "Ikom",
        "id": 1
      },
      {
        "name": "Ikot Nakanda",
        "id": 1
      },
      {
        "name": "Itigidi",
        "id": 1
      },
      {
        "name": "Obubra",
        "id": 1
      },
      {
        "name": "Obudu",
        "id": 1
      },
      {
        "name": "Odukpani",
        "id": 1
      },
      {
        "name": "Ogoja",
        "id": 1
      },
      {
        "name": "Okpoma",
        "id": 1
      },
      {
        "name": "Sankwala",
        "id": 1
      },
      {
        "name": "Ugep",
        "id": 1
      }
    ],
    "locals": [
      {
        "name": "Akamkpa",
        "id": 1
      },
      {
        "name": "Akpabuyo",
        "id": 2
      },
      {
        "name": "Bakassi",
        "id": 3
      },
      {
        "name": "Bekwarra",
        "id": 4
      },
      {
        "name": "Biase",
        "id": 5
      },
      {
        "name": "Boki",
        "id": 6
      },
      {
        "name": "Calabar Municipal",
        "id": 7
      },
      {
        "name": "Calabar South",
        "id": 8
      },
      {
        "name": "Etung",
        "id": 9
      },
      {
        "name": "Ikom",
        "id": 10
      },
      {
        "name": "Obanliku",
        "id": 11
      },
      {
        "name": "Obubra",
        "id": 12
      },
      {
        "name": "Obudu",
        "id": 13
      },
      {
        "name": "Odukpani",
        "id": 14
      },
      {
        "name": "Ogoja",
        "id": 15
      },
      {
        "name": "Yakuur",
        "id": 16
      },
      {
        "name": "Yala",
        "id": 17
      }
    ]
  },
  {
    "name": "Delta",
    "id": 10,
    "citys": [
      {
        "name": "Aboh",
        "id": 1
      },
      {
        "name": "Agbor",
        "id": 1
      },
      {
        "name": "Akwukwu-Igbo",
        "id": 1
      },
      {
        "name": "Asaba",
        "id": 1
      },
      {
        "name": "Bomadi",
        "id": 1
      },
      {
        "name": "Burutu",
        "id": 1
      },
      {
        "name": "Effurun",
        "id": 1
      },
      {
        "name": "Isiokolo",
        "id": 1
      },
      {
        "name": "Issele-Uku",
        "id": 1
      },
      {
        "name": "Koko",
        "id": 1
      },
      {
        "name": "Kwale",
        "id": 1
      },
      {
        "name": "Mele",
        "id": 1
      },
      {
        "name": "Obiaruku",
        "id": 1
      },
      {
        "name": "Ogbe-Ijoh",
        "id": 1
      },
      {
        "name": "Oghara",
        "id": 1
      },
      {
        "name": "Ogwashi-Uku",
        "id": 1
      },
      {
        "name": "Oleh",
        "id": 1
      },
      {
        "name": "Orerokpe",
        "id": 1
      },
      {
        "name": "Otor-Udu",
        "id": 1
      },
      {
        "name": "Otu-Jeremi",
        "id": 1
      },
      {
        "name": "Owa-Oyibu",
        "id": 1
      },
      {
        "name": "Ozoro",
        "id": 1
      },
      {
        "name": "Patani",
        "id": 1
      },
      {
        "name": "Sapele",
        "id": 1
      },
      {
        "name": "Ughelli",
        "id": 1
      },
      {
        "name": "Warri",
        "id": 1
      }
    ],
    "locals": [
      {
        "name": "Aniocha South",
        "id": 1
      },
      {
        "name": "Bomadi",
        "id": 2
      },
      {
        "name": "Burutu",
        "id": 3
      },
      {
        "name": "Ethiope East",
        "id": 4
      },
      {
        "name": "Ethiope West",
        "id": 5
      },
      {
        "name": "Ika North East",
        "id": 6
      },
      {
        "name": "Ika South",
        "id": 7
      },
      {
        "name": "Isoko North",
        "id": 8
      },
      {
        "name": "Isoko South",
        "id": 9
      },
      {
        "name": "Ndokwa East",
        "id": 10
      },
      {
        "name": "Ndokwa West",
        "id": 11
      },
      {
        "name": "Okpe",
        "id": 12
      },
      {
        "name": "Oshimili North",
        "id": 13
      },
      {
        "name": "Oshimili South",
        "id": 14
      },
      {
        "name": "Patani",
        "id": 15
      },
      {
        "name": "Sapele",
        "id": 16
      },
      {
        "name": "Udu",
        "id": 17
      },
      {
        "name": "Ughelli North",
        "id": 18
      },
      {
        "name": "Ughelli South",
        "id": 19
      },
      {
        "name": "Ukwuani",
        "id": 20
      },
      {
        "name": "Uvwie",
        "id": 21
      },
      {
        "name": "Warri North",
        "id": 22
      },
      {
        "name": "Warri South",
        "id": 23
      },
      {
        "name": "Warri South West",
        "id": 24
      }
    ]
  },
  {
    "name": "Ebonyi",
    "id": 11,
    "citys": [
      {
        "name": "Abakaliki",
        "id": 1
      },
      {
        "name": "Afikpo",
        "id": 1
      },
      {
        "name": "Ezillo",
        "id": 1
      },
      {
        "name": "Ezzamgbo",
        "id": 1
      },
      {
        "name": "Iboko",
        "id": 1
      },
      {
        "name": "Isiaka",
        "id": 1
      },
      {
        "name": "Isu",
        "id": 1
      },
      {
        "name": "Nguzu Edda",
        "id": 1
      },
      {
        "name": "Obiozara",
        "id": 1
      },
      {
        "name": "Onuebonyi Echara",
        "id": 1
      },
      {
        "name": "Onueke",
        "id": 1
      },
      {
        "name": "Ugbodo",
        "id": 1
      }
    ],
    "locals": [
      {
        "name": "Afikpo North",
        "id": 1
      },
      {
        "name": "Afikpo South",
        "id": 2
      },
      {
        "name": "Ebonyi",
        "id": 3
      },
      {
        "name": "Ezza North",
        "id": 4
      },
      {
        "name": "Ezza South",
        "id": 5
      },
      {
        "name": "Ikwo",
        "id": 6
      },
      {
        "name": "Ishielu",
        "id": 7
      },
      {
        "name": "Ivo",
        "id": 8
      },
      {
        "name": "Izzi",
        "id": 9
      },
      {
        "name": "Ohaozara",
        "id": 10
      },
      {
        "name": "Ohaukwu",
        "id": 11
      },
      {
        "name": "Onicha",
        "id": 12
      }
    ]
  },
  {
    "name": "Edo",
    "id": 12,
    "citys": [
      {
        "name": "Abudu",
        "id": 1
      },
      {
        "name": "Afuze",
        "id": 1
      },
      {
        "name": "Agenebode",
        "id": 1
      },
      {
        "name": "Auchi",
        "id": 1
      },
      {
        "name": "Benin City",
        "id": 1
      },
      {
        "name": "Ehor",
        "id": 1
      },
      {
        "name": "Ekpoma",
        "id": 1
      },
      {
        "name": "Fugar",
        "id": 1
      },
      {
        "name": "Idogbo",
        "id": 1
      },
      {
        "name": "Igarra",
        "id": 1
      },
      {
        "name": "Igueben",
        "id": 1
      },
      {
        "name": "Iguobazuwa",
        "id": 1
      },
      {
        "name": "Irrua",
        "id": 1
      },
      {
        "name": "Okada",
        "id": 1
      },
      {
        "name": "Sabongida-Ora",
        "id": 1
      },
      {
        "name": "Ubiaja",
        "id": 1
      },
      {
        "name": "Uromi",
        "id": 1
      },
      {
        "name": "Uselu",
        "id": 1
      }
    ],
    "locals": [
      {
        "name": "Egor",
        "id": 1
      },
      {
        "name": "Esan Central",
        "id": 2
      },
      {
        "name": "Esan North-East",
        "id": 3
      },
      {
        "name": "Esan South-East",
        "id": 4
      },
      {
        "name": "Esan West",
        "id": 5
      },
      {
        "name": "Etsako Central",
        "id": 6
      },
      {
        "name": "Etsako East",
        "id": 7
      },
      {
        "name": "Etsako West",
        "id": 8
      },
      {
        "name": "Igueben",
        "id": 9
      },
      {
        "name": "Ikpoba Okha",
        "id": 10
      },
      {
        "name": "Orhionmwon",
        "id": 11
      },
      {
        "name": "Oredo",
        "id": 12
      },
      {
        "name": "Ovia North-East",
        "id": 13
      },
      {
        "name": "Ovia South-West",
        "id": 14
      },
      {
        "name": "Owan East",
        "id": 15
      },
      {
        "name": "Owan West",
        "id": 16
      },
      {
        "name": "Uhunmwonde",
        "id": 17
      }
    ]
  },
  {
    "name": "Ekiti",
    "id": 13,
    "citys": [
      {
        "name": "Ado-Ekiti",
        "id": 1
      },
      {
        "name": "Aramoko-Ekiti",
        "id": 1
      },
      {
        "name": "Efon-Alaaye",
        "id": 1
      },
      {
        "name": "Emure-Ekiti",
        "id": 1
      },
      {
        "name": "Ido-Ekiti",
        "id": 1
      },
      {
        "name": "Igede-Ekiti",
        "id": 1
      },
      {
        "name": "Ijero-Ekiti",
        "id": 1
      },
      {
        "name": "Ikere-Ekiti",
        "id": 1
      },
      {
        "name": "Ikole-Ekiti",
        "id": 1
      },
      {
        "name": "Ilawe-Ekiti",
        "id": 1
      },
      {
        "name": "Ise-Ekiti",
        "id": 1
      },
      {
        "name": "Iye-Ekiti",
        "id": 1
      },
      {
        "name": "Ode-Ekiti",
        "id": 1
      },
      {
        "name": "Omuo-Ekiti",
        "id": 1
      },
      {
        "name": "Otun-Ekiti",
        "id": 1
      },
      {
        "name": "Oye-Ekiti",
        "id": 1
      }
    ],
    "locals": [
      {
        "name": "Efon",
        "id": 1
      },
      {
        "name": "Ekiti East",
        "id": 2
      },
      {
        "name": "Ekiti South-West",
        "id": 3
      },
      {
        "name": "Ekiti West",
        "id": 4
      },
      {
        "name": "Emure",
        "id": 5
      },
      {
        "name": "Gbonyin",
        "id": 6
      },
      {
        "name": "Ido Osi",
        "id": 7
      },
      {
        "name": "Ijero",
        "id": 8
      },
      {
        "name": "Ikere",
        "id": 9
      },
      {
        "name": "Ikole",
        "id": 10
      },
      {
        "name": "Ilejemeje",
        "id": 11
      },
      {
        "name": "Irepodun\/Ifelodun",
        "id": 12
      },
      {
        "name": "Ise\/Orun",
        "id": 13
      },
      {
        "name": "Moba",
        "id": 14
      },
      {
        "name": "Oye",
        "id": 15
      }
    ]
  },
  {
    "name": "Enugu",
    "id": 14,
    "citys": [
      {
        "name": "Agbani",
        "id": 1
      },
      {
        "name": "Aguobu-Owa",
        "id": 1
      },
      {
        "name": "Amagunze",
        "id": 1
      },
      {
        "name": "Awgu",
        "id": 1
      },
      {
        "name": "Enugu",
        "id": 1
      },
      {
        "name": "Enugu-Ezike",
        "id": 1
      },
      {
        "name": "Ibagwa-Aka",
        "id": 1
      },
      {
        "name": "Ikem",
        "id": 1
      },
      {
        "name": "Ndeaboh",
        "id": 1
      },
      {
        "name": "Nkwo Nike",
        "id": 1
      },
      {
        "name": "Nsukka",
        "id": 1
      },
      {
        "name": "Obollo-Afor",
        "id": 1
      },
      {
        "name": "Ogbede",
        "id": 1
      },
      {
        "name": "Oji River",
        "id": 1
      },
      {
        "name": "Udi",
        "id": 1
      },
      {
        "name": "Umulona",
        "id": 1
      }
    ],
    "locals": [
      {
        "name": "Awgu",
        "id": 1
      },
      {
        "name": "Enugu East",
        "id": 2
      },
      {
        "name": "Enugu North",
        "id": 3
      },
      {
        "name": "Enugu South",
        "id": 4
      },
      {
        "name": "Ezeagu",
        "id": 5
      },
      {
        "name": "Igbo Etiti",
        "id": 6
      },
      {
        "name": "Igbo Eze North",
        "id": 7
      },
      {
        "name": "Igbo Eze South",
        "id": 8
      },
      {
        "name": "Isi Uzo",
        "id": 9
      },
      {
        "name": "Nkanu East",
        "id": 10
      },
      {
        "name": "Nkanu West",
        "id": 11
      },
      {
        "name": "Nsukka",
        "id": 12
      },
      {
        "name": "Oji River",
        "id": 13
      },
      {
        "name": "Udenu",
        "id": 14
      },
      {
        "name": "Udi",
        "id": 15
      },
      {
        "name": "Uzo Uwani",
        "id": 16
      }
    ]
  },
  {
    "name": "FCT",
    "id": 15,
    "citys": [
      {
        "name": "Abaji",
        "id": 1
      },
      {
        "name": "Abuja",
        "id": 1
      },
      {
        "name": "Bwari",
        "id": 1
      },
      {
        "name": "Gwagwalada",
        "id": 1
      },
      {
        "name": "Kuje",
        "id": 1
      },
      {
        "name": "Kwali",
        "id": 1
      }
    ],
    "locals": [
      {
        "name": "Bwari",
        "id": 1
      },
      {
        "name": "Gwagwalada",
        "id": 2
      },
      {
        "name": "Kuje",
        "id": 3
      },
      {
        "name": "Kwali",
        "id": 4
      },
      {
        "name": "Municipal Area Council",
        "id": 5
      }
    ]
  },
  {
    "name": "Gombe",
    "id": 16,
    "citys": [
      {
        "name": "Bajoga",
        "id": 1
      },
      {
        "name": "Billiri",
        "id": 1
      },
      {
        "name": "Boh",
        "id": 1
      },
      {
        "name": "Deba",
        "id": 1
      },
      {
        "name": "Dukku",
        "id": 1
      },
      {
        "name": "Gombe",
        "id": 1
      },
      {
        "name": "Kaltungo",
        "id": 1
      },
      {
        "name": "Kumo",
        "id": 1
      },
      {
        "name": "Mallam Sidi",
        "id": 1
      },
      {
        "name": "Nafada",
        "id": 1
      },
      {
        "name": "Talasse",
        "id": 1
      }
    ],
    "locals": [
      {
        "name": "Balanga",
        "id": 1
      },
      {
        "name": "Billiri",
        "id": 2
      },
      {
        "name": "Dukku",
        "id": 3
      },
      {
        "name": "Funakaye",
        "id": 4
      },
      {
        "name": "Gombe",
        "id": 5
      },
      {
        "name": "Kaltungo",
        "id": 6
      },
      {
        "name": "Kwami",
        "id": 7
      },
      {
        "name": "Nafada",
        "id": 8
      },
      {
        "name": "Shongom",
        "id": 9
      },
      {
        "name": "Yamaltu\/Deba",
        "id": 10
      }
    ]
  },
  {
    "name": "Imo",
    "id": 17,
    "citys": [
      {
        "name": "Aboh",
        "id": 1
      },
      {
        "name": "Afor-Oru",
        "id": 1
      },
      {
        "name": "Amaigbo",
        "id": 1
      },
      {
        "name": "Awo-Idemili",
        "id": 1
      },
      {
        "name": "Dikenafai",
        "id": 1
      },
      {
        "name": "Egbema",
        "id": 1
      },
      {
        "name": "Iho",
        "id": 1
      },
      {
        "name": "Isinweke",
        "id": 1
      },
      {
        "name": "Itu",
        "id": 1
      },
      {
        "name": "Mgbidi",
        "id": 1
      },
      {
        "name": "Nkwerre",
        "id": 1
      },
      {
        "name": "Nnenasa",
        "id": 1
      },
      {
        "name": "Nwaorieubi",
        "id": 1
      },
      {
        "name": "Oguta",
        "id": 1
      },
      {
        "name": "Okigwe",
        "id": 1
      },
      {
        "name": "Okwe",
        "id": 1
      },
      {
        "name": "Orlu",
        "id": 1
      },
      {
        "name": "Owerri",
        "id": 1
      },
      {
        "name": "Umuelemai",
        "id": 1
      },
      {
        "name": "Umuguma",
        "id": 1
      },
      {
        "name": "Umumma",
        "id": 1
      },
      {
        "name": "Umundugba",
        "id": 1
      },
      {
        "name": "Umuneke-Ngor",
        "id": 1
      },
      {
        "name": "Urualla",
        "id": 1
      }
    ],
    "locals": [
      {
        "name": "Ahiazu Mbaise",
        "id": 1
      },
      {
        "name": "Ehime Mbano",
        "id": 2
      },
      {
        "name": "Ezinihitte",
        "id": 3
      },
      {
        "name": "Ideato North",
        "id": 4
      },
      {
        "name": "Ideato South",
        "id": 5
      },
      {
        "name": "Ihitte\/Uboma",
        "id": 6
      },
      {
        "name": "Ikeduru",
        "id": 7
      },
      {
        "name": "Isiala Mbano",
        "id": 8
      },
      {
        "name": "Isu",
        "id": 9
      },
      {
        "name": "Mbaitoli",
        "id": 10
      },
      {
        "name": "Ngor Okpala",
        "id": 11
      },
      {
        "name": "Njaba",
        "id": 12
      },
      {
        "name": "Nkwerre",
        "id": 13
      },
      {
        "name": "Nwangele",
        "id": 14
      },
      {
        "name": "Obowo",
        "id": 15
      },
      {
        "name": "Oguta",
        "id": 16
      },
      {
        "name": "Ohaji\/Egbema",
        "id": 17
      },
      {
        "name": "Okigwe",
        "id": 18
      },
      {
        "name": "Orlu",
        "id": 19
      },
      {
        "name": "Orsu",
        "id": 20
      },
      {
        "name": "Oru East",
        "id": 21
      },
      {
        "name": "Oru West",
        "id": 22
      },
      {
        "name": "Owerri Municipal",
        "id": 23
      },
      {
        "name": "Owerri North",
        "id": 24
      },
      {
        "name": "Owerri West",
        "id": 25
      },
      {
        "name": "Unuimo",
        "id": 26
      }
    ]
  },
  {
    "name": "Jigawa",
    "id": 18,
    "citys": [
      {
        "name": "Auyo",
        "id": 1
      },
      {
        "name": "Babura",
        "id": 1
      },
      {
        "name": "Birnin Kudu",
        "id": 1
      },
      {
        "name": "Birniwa",
        "id": 1
      },
      {
        "name": "Dutse",
        "id": 1
      },
      {
        "name": "Gagarawa",
        "id": 1
      },
      {
        "name": "Gantsa",
        "id": 1
      },
      {
        "name": "Garki",
        "id": 1
      },
      {
        "name": "Gumel",
        "id": 1
      },
      {
        "name": "Guri",
        "id": 1
      },
      {
        "name": "Gwaram",
        "id": 1
      },
      {
        "name": "Gwiwa",
        "id": 1
      },
      {
        "name": "Hadejia",
        "id": 1
      },
      {
        "name": "Jahun",
        "id": 1
      },
      {
        "name": "Kafin Hausa",
        "id": 1
      },
      {
        "name": "Karkarna",
        "id": 1
      },
      {
        "name": "Kaugama",
        "id": 1
      },
      {
        "name": "Kazaure",
        "id": 1
      },
      {
        "name": "Kiri Kasamma",
        "id": 1
      },
      {
        "name": "Kiyawa",
        "id": 1
      },
      {
        "name": "Maigatari",
        "id": 1
      },
      {
        "name": "Malam Madori",
        "id": 1
      },
      {
        "name": "Miga",
        "id": 1
      },
      {
        "name": "Ringim",
        "id": 1
      },
      {
        "name": "Roni",
        "id": 1
      },
      {
        "name": "Sule Tankarkar",
        "id": 1
      },
      {
        "name": "Taura",
        "id": 1
      }
    ],
    "locals": [
      {
        "name": "Babura",
        "id": 1
      },
      {
        "name": "Biriniwa",
        "id": 2
      },
      {
        "name": "Birnin Kudu",
        "id": 3
      },
      {
        "name": "Buji",
        "id": 4
      },
      {
        "name": "Dutse",
        "id": 5
      },
      {
        "name": "Gagarawa",
        "id": 6
      },
      {
        "name": "Garki",
        "id": 7
      },
      {
        "name": "Gumel",
        "id": 8
      },
      {
        "name": "Guri",
        "id": 9
      },
      {
        "name": "Gwaram",
        "id": 10
      },
      {
        "name": "Gwiwa",
        "id": 11
      },
      {
        "name": "Hadejia",
        "id": 12
      },
      {
        "name": "Jahun",
        "id": 13
      },
      {
        "name": "Kafin Hausa",
        "id": 14
      },
      {
        "name": "Kazaure",
        "id": 15
      },
      {
        "name": "Kiri Kasama",
        "id": 16
      },
      {
        "name": "Kiyawa",
        "id": 17
      },
      {
        "name": "Kaugama",
        "id": 18
      },
      {
        "name": "Maigatari",
        "id": 19
      },
      {
        "name": "Malam Madori",
        "id": 20
      },
      {
        "name": "Miga",
        "id": 21
      },
      {
        "name": "Ringim",
        "id": 22
      },
      {
        "name": "Roni",
        "id": 23
      },
      {
        "name": "Sule Tankarkar",
        "id": 24
      },
      {
        "name": "Taura",
        "id": 25
      },
      {
        "name": "Yankwashi",
        "id": 26
      }
    ]
  },
  {
    "name": "Kaduna",
    "id": 19,
    "citys": [
      {
        "name": "Anchau",
        "id": 1
      },
      {
        "name": "Birnin Gwari",
        "id": 1
      },
      {
        "name": "Giwa",
        "id": 1
      },
      {
        "name": "Gwantu",
        "id": 1
      },
      {
        "name": "Hunkuyi",
        "id": 1
      },
      {
        "name": "Ikara",
        "id": 1
      },
      {
        "name": "Kachia",
        "id": 1
      },
      {
        "name": "Kaduna",
        "id": 1
      },
      {
        "name": "Kafanchan",
        "id": 1
      },
      {
        "name": "Kagarko",
        "id": 1
      },
      {
        "name": "Kajuru",
        "id": 1
      },
      {
        "name": "Kaura",
        "id": 1
      },
      {
        "name": "Kauru",
        "id": 1
      },
      {
        "name": "Kujama",
        "id": 1
      },
      {
        "name": "Kwoi",
        "id": 1
      },
      {
        "name": "Maigana",
        "id": 1
      },
      {
        "name": "Makarfi",
        "id": 1
      },
      {
        "name": "Makera",
        "id": 1
      },
      {
        "name": "Sabon Gari",
        "id": 1
      },
      {
        "name": "Saminaka",
        "id": 1
      },
      {
        "name": "Turunku",
        "id": 1
      },
      {
        "name": "Zaria",
        "id": 1
      },
      {
        "name": "Zonkwa",
        "id": 1
      }
    ],
    "locals": [
      {
        "name": "Chikun",
        "id": 1
      },
      {
        "name": "Giwa",
        "id": 2
      },
      {
        "name": "Igabi",
        "id": 3
      },
      {
        "name": "Ikara",
        "id": 4
      },
      {
        "name": "Jaba",
        "id": 5
      },
      {
        "name": "Jema'a",
        "id": 6
      },
      {
        "name": "Kachia",
        "id": 7
      },
      {
        "name": "Kaduna North",
        "id": 8
      },
      {
        "name": "Kaduna South",
        "id": 9
      },
      {
        "name": "Kagarko",
        "id": 10
      },
      {
        "name": "Kajuru",
        "id": 11
      },
      {
        "name": "Kaura",
        "id": 12
      },
      {
        "name": "Kauru",
        "id": 13
      },
      {
        "name": "Kubau",
        "id": 14
      },
      {
        "name": "Kudan",
        "id": 15
      },
      {
        "name": "Lere",
        "id": 16
      },
      {
        "name": "Makarfi",
        "id": 17
      },
      {
        "name": "Sabon Gari",
        "id": 18
      },
      {
        "name": "Sanga",
        "id": 19
      },
      {
        "name": "Soba",
        "id": 20
      },
      {
        "name": "Zangon Kataf",
        "id": 21
      },
      {
        "name": "Zaria",
        "id": 22
      }
    ]
  },
  {
    "name": "Kano",
    "id": 20,
    "citys": [
      {
        "name": "Ajingi",
        "id": 1
      },
      {
        "name": "Albasu",
        "id": 1
      },
      {
        "name": "Bagwai",
        "id": 1
      },
      {
        "name": "Bebeji",
        "id": 1
      },
      {
        "name": "Bichi",
        "id": 1
      },
      {
        "name": "Bunkure",
        "id": 1
      },
      {
        "name": "Dambatta",
        "id": 1
      },
      {
        "name": "Dawakin Kudu",
        "id": 1
      },
      {
        "name": "Dawakin Tofa",
        "id": 1
      },
      {
        "name": "Garko",
        "id": 1
      },
      {
        "name": "Garun Malam",
        "id": 1
      },
      {
        "name": "Gaya",
        "id": 1
      },
      {
        "name": "Gezawa",
        "id": 1
      },
      {
        "name": "Gwarzo",
        "id": 1
      },
      {
        "name": "Kabo",
        "id": 1
      },
      {
        "name": "Kano",
        "id": 1
      },
      {
        "name": "Karaye",
        "id": 1
      },
      {
        "name": "Kibiya",
        "id": 1
      },
      {
        "name": "Kiru",
        "id": 1
      },
      {
        "name": "Koguna",
        "id": 1
      },
      {
        "name": "Kumbotso",
        "id": 1
      },
      {
        "name": "Kunchi",
        "id": 1
      },
      {
        "name": "Kura",
        "id": 1
      },
      {
        "name": "Madobi",
        "id": 1
      },
      {
        "name": "Minjibir",
        "id": 1
      },
      {
        "name": "Rano",
        "id": 1
      },
      {
        "name": "Rimin Gado",
        "id": 1
      },
      {
        "name": "Ririwai",
        "id": 1
      },
      {
        "name": "Rogo",
        "id": 1
      },
      {
        "name": "Shanono",
        "id": 1
      },
      {
        "name": "Sumaila",
        "id": 1
      },
      {
        "name": "Takai",
        "id": 1
      },
      {
        "name": "Tofa",
        "id": 1
      },
      {
        "name": "Tsanyawa",
        "id": 1
      },
      {
        "name": "Tudun Wada",
        "id": 1
      },
      {
        "name": "Ungogo",
        "id": 1
      },
      {
        "name": "Warawa",
        "id": 1
      },
      {
        "name": "Wudil",
        "id": 1
      },
      {
        "name": "Zakirai",
        "id": 1
      }
    ],
    "locals": [
      {
        "name": "Albasu",
        "id": 1
      },
      {
        "name": "Bagwai",
        "id": 2
      },
      {
        "name": "Bebeji",
        "id": 3
      },
      {
        "name": "Bichi",
        "id": 4
      },
      {
        "name": "Bunkure",
        "id": 5
      },
      {
        "name": "Dala",
        "id": 6
      },
      {
        "name": "Dambatta",
        "id": 7
      },
      {
        "name": "Dawakin Kudu",
        "id": 8
      },
      {
        "name": "Dawakin Tofa",
        "id": 9
      },
      {
        "name": "Doguwa",
        "id": 10
      },
      {
        "name": "Fagge",
        "id": 11
      },
      {
        "name": "Gabasawa",
        "id": 12
      },
      {
        "name": "Garko",
        "id": 13
      },
      {
        "name": "Garun Mallam",
        "id": 14
      },
      {
        "name": "Gaya",
        "id": 15
      },
      {
        "name": "Gezawa",
        "id": 16
      },
      {
        "name": "Gwale",
        "id": 17
      },
      {
        "name": "Gwarzo",
        "id": 18
      },
      {
        "name": "Kabo",
        "id": 19
      },
      {
        "name": "Kano Municipal",
        "id": 20
      },
      {
        "name": "Karaye",
        "id": 21
      },
      {
        "name": "Kibiya",
        "id": 22
      },
      {
        "name": "Kiru",
        "id": 23
      },
      {
        "name": "Kumbotso",
        "id": 24
      },
      {
        "name": "Kunchi",
        "id": 25
      },
      {
        "name": "Kura",
        "id": 26
      },
      {
        "name": "Madobi",
        "id": 27
      },
      {
        "name": "Makoda",
        "id": 28
      },
      {
        "name": "Minjibir",
        "id": 29
      },
      {
        "name": "Nasarawa",
        "id": 30
      },
      {
        "name": "Rano",
        "id": 31
      },
      {
        "name": "Rimin Gado",
        "id": 32
      },
      {
        "name": "Rogo",
        "id": 33
      },
      {
        "name": "Shanono",
        "id": 34
      },
      {
        "name": "Sumaila",
        "id": 35
      },
      {
        "name": "Takai",
        "id": 36
      },
      {
        "name": "Tarauni",
        "id": 37
      },
      {
        "name": "Tofa",
        "id": 38
      },
      {
        "name": "Tsanyawa",
        "id": 39
      },
      {
        "name": "Tudun Wada",
        "id": 40
      },
      {
        "name": "Ungogo",
        "id": 41
      },
      {
        "name": "Warawa",
        "id": 42
      },
      {
        "name": "Wudil",
        "id": 43
      }
    ]
  },
  {
    "name": "Katsina",
    "id": 21,
    "citys": [
      {
        "name": "Bakori",
        "id": 1
      },
      {
        "name": "Batagarawa",
        "id": 1
      },
      {
        "name": "Batsari",
        "id": 1
      },
      {
        "name": "Baure",
        "id": 1
      },
      {
        "name": "Bindawa",
        "id": 1
      },
      {
        "name": "Charanchi",
        "id": 1
      },
      {
        "name": "Dan Musa",
        "id": 1
      },
      {
        "name": "Dandume",
        "id": 1
      },
      {
        "name": "Danja",
        "id": 1
      },
      {
        "name": "Daura",
        "id": 1
      },
      {
        "name": "Dutsi",
        "id": 1
      },
      {
        "name": "Dutsin-Ma",
        "id": 1
      },
      {
        "name": "Faskari",
        "id": 1
      },
      {
        "name": "Funtua",
        "id": 1
      },
      {
        "name": "Ingawa",
        "id": 1
      },
      {
        "name": "Jibia",
        "id": 1
      },
      {
        "name": "Kafur",
        "id": 1
      },
      {
        "name": "Kaita",
        "id": 1
      },
      {
        "name": "Kankara",
        "id": 1
      },
      {
        "name": "Kankia",
        "id": 1
      },
      {
        "name": "Katsina",
        "id": 1
      },
      {
        "name": "Kurfi",
        "id": 1
      },
      {
        "name": "Kusada",
        "id": 1
      },
      {
        "name": "Mai’Adua",
        "id": 1
      },
      {
        "name": "Malumfashi",
        "id": 1
      },
      {
        "name": "Mani",
        "id": 1
      },
      {
        "name": "Mashi",
        "id": 1
      },
      {
        "name": "Matazu",
        "id": 1
      },
      {
        "name": "Musawa",
        "id": 1
      },
      {
        "name": "Rimi",
        "id": 1
      },
      {
        "name": "Sabuwa",
        "id": 1
      },
      {
        "name": "Safana",
        "id": 1
      },
      {
        "name": "Sandamu",
        "id": 1
      },
      {
        "name": "Zango",
        "id": 1
      }
    ],
    "locals": [
      {
        "name": "Batagarawa",
        "id": 1
      },
      {
        "name": "Batsari",
        "id": 2
      },
      {
        "name": "Baure",
        "id": 3
      },
      {
        "name": "Bindawa",
        "id": 4
      },
      {
        "name": "Charanchi",
        "id": 5
      },
      {
        "name": "Dandume",
        "id": 6
      },
      {
        "name": "Danja",
        "id": 7
      },
      {
        "name": "Dan Musa",
        "id": 8
      },
      {
        "name": "Daura",
        "id": 9
      },
      {
        "name": "Dutsi",
        "id": 10
      },
      {
        "name": "Dutsin Ma",
        "id": 11
      },
      {
        "name": "Faskari",
        "id": 12
      },
      {
        "name": "Funtua",
        "id": 13
      },
      {
        "name": "Ingawa",
        "id": 14
      },
      {
        "name": "Jibia",
        "id": 15
      },
      {
        "name": "Kafur",
        "id": 16
      },
      {
        "name": "Kaita",
        "id": 17
      },
      {
        "name": "Kankara",
        "id": 18
      },
      {
        "name": "Kankia",
        "id": 19
      },
      {
        "name": "Katsina",
        "id": 20
      },
      {
        "name": "Kurfi",
        "id": 21
      },
      {
        "name": "Kusada",
        "id": 22
      },
      {
        "name": "Mai'Adua",
        "id": 23
      },
      {
        "name": "Malumfashi",
        "id": 24
      },
      {
        "name": "Mani",
        "id": 25
      },
      {
        "name": "Mashi",
        "id": 26
      },
      {
        "name": "Matazu",
        "id": 27
      },
      {
        "name": "Musawa",
        "id": 28
      },
      {
        "name": "Rimi",
        "id": 29
      },
      {
        "name": "Sabuwa",
        "id": 30
      },
      {
        "name": "Safana",
        "id": 31
      },
      {
        "name": "Sandamu",
        "id": 32
      },
      {
        "name": "Zango",
        "id": 33
      }
    ]
  },
  {
    "name": "Kebbi",
    "id": 22,
    "citys": [
      {
        "name": "Aliero",
        "id": 1
      },
      {
        "name": "Argungu",
        "id": 1
      },
      {
        "name": "Augie",
        "id": 1
      },
      {
        "name": "Bagudo",
        "id": 1
      },
      {
        "name": "Besse",
        "id": 1
      },
      {
        "name": "Birnin Kebbi",
        "id": 1
      },
      {
        "name": "Bunza",
        "id": 1
      },
      {
        "name": "Dakingari",
        "id": 1
      },
      {
        "name": "Gwandu",
        "id": 1
      },
      {
        "name": "Jega",
        "id": 1
      },
      {
        "name": "Kalgo",
        "id": 1
      },
      {
        "name": "Kamba",
        "id": 1
      },
      {
        "name": "Kangiwa",
        "id": 1
      },
      {
        "name": "Koko",
        "id": 1
      },
      {
        "name": "Mahuta",
        "id": 1
      },
      {
        "name": "Maiyama",
        "id": 1
      },
      {
        "name": "Ribah",
        "id": 1
      },
      {
        "name": "Sakaba",
        "id": 1
      },
      {
        "name": "Shanga",
        "id": 1
      },
      {
        "name": "Wara",
        "id": 1
      },
      {
        "name": "Yelwa",
        "id": 1
      },
      {
        "name": "Zuru",
        "id": 1
      }
    ],
    "locals": [
      {
        "name": "Arewa Dandi",
        "id": 1
      },
      {
        "name": "Argungu",
        "id": 2
      },
      {
        "name": "Augie",
        "id": 3
      },
      {
        "name": "Bagudo",
        "id": 4
      },
      {
        "name": "Birnin Kebbi",
        "id": 5
      },
      {
        "name": "Bunza",
        "id": 6
      },
      {
        "name": "Dandi",
        "id": 7
      },
      {
        "name": "Fakai",
        "id": 8
      },
      {
        "name": "Gwandu",
        "id": 9
      },
      {
        "name": "Jega",
        "id": 10
      },
      {
        "name": "Kalgo",
        "id": 11
      },
      {
        "name": "Koko\/Besse",
        "id": 12
      },
      {
        "name": "Maiyama",
        "id": 13
      },
      {
        "name": "Ngaski",
        "id": 14
      },
      {
        "name": "Sakaba",
        "id": 15
      },
      {
        "name": "Shanga",
        "id": 16
      },
      {
        "name": "Suru",
        "id": 17
      },
      {
        "name": "Wasagu\/Danko",
        "id": 18
      },
      {
        "name": "Yauri",
        "id": 19
      },
      {
        "name": "Zuru",
        "id": 20
      }
    ]
  },
  {
    "name": "Kogi",
    "id": 23,
    "citys": [
      {
        "name": "Abejukolo",
        "id": 1
      },
      {
        "name": "Adogo",
        "id": 1
      },
      {
        "name": "Ajaka",
        "id": 1
      },
      {
        "name": "Akpafa",
        "id": 1
      },
      {
        "name": "Ankpa",
        "id": 1
      },
      {
        "name": "Dekina",
        "id": 1
      },
      {
        "name": "Idah",
        "id": 1
      },
      {
        "name": "Isanlu",
        "id": 1
      },
      {
        "name": "Iyara",
        "id": 1
      },
      {
        "name": "Kabba",
        "id": 1
      },
      {
        "name": "Koton-Karfe",
        "id": 1
      },
      {
        "name": "Lokoja",
        "id": 1
      },
      {
        "name": "Mopa",
        "id": 1
      },
      {
        "name": "Obangede",
        "id": 1
      },
      {
        "name": "Odo-Ere",
        "id": 1
      },
      {
        "name": "Ogaminana",
        "id": 1
      },
      {
        "name": "Oguma",
        "id": 1
      },
      {
        "name": "Okene",
        "id": 1
      },
      {
        "name": "Okpo",
        "id": 1
      },
      {
        "name": "Onyedega",
        "id": 1
      },
      {
        "name": "Ugwolawo",
        "id": 1
      }
    ],
    "locals": [
      {
        "name": "Ajaokuta",
        "id": 1
      },
      {
        "name": "Ankpa",
        "id": 2
      },
      {
        "name": "Bassa",
        "id": 3
      },
      {
        "name": "Dekina",
        "id": 4
      },
      {
        "name": "Ibaji",
        "id": 5
      },
      {
        "name": "Idah",
        "id": 6
      },
      {
        "name": "Igalamela Odolu",
        "id": 7
      },
      {
        "name": "Ijumu",
        "id": 8
      },
      {
        "name": "Kabba\/Bunu",
        "id": 9
      },
      {
        "name": "Kogi",
        "id": 10
      },
      {
        "name": "Lokoja",
        "id": 11
      },
      {
        "name": "Mopa Muro",
        "id": 12
      },
      {
        "name": "Ofu",
        "id": 13
      },
      {
        "name": "Ogori\/Magongo",
        "id": 14
      },
      {
        "name": "Okehi",
        "id": 15
      },
      {
        "name": "Okene",
        "id": 16
      },
      {
        "name": "Olamaboro",
        "id": 17
      },
      {
        "name": "Omala",
        "id": 18
      },
      {
        "name": "Yagba East",
        "id": 19
      },
      {
        "name": "Yagba West",
        "id": 20
      }
    ]
  },
  {
    "name": "Kwara",
    "id": 24,
    "citys": [
      {
        "name": "Afon",
        "id": 1
      },
      {
        "name": "Araromi-Opin",
        "id": 1
      },
      {
        "name": "Bode Saadu",
        "id": 1
      },
      {
        "name": "Fufu",
        "id": 1
      },
      {
        "name": "Ilemona",
        "id": 1
      },
      {
        "name": "Iloffa",
        "id": 1
      },
      {
        "name": "Ilorin",
        "id": 1
      },
      {
        "name": "Kaiama",
        "id": 1
      },
      {
        "name": "Kosubosu",
        "id": 1
      },
      {
        "name": "Lafiagi",
        "id": 1
      },
      {
        "name": "Offa",
        "id": 1
      },
      {
        "name": "Oke-Oyi",
        "id": 1
      },
      {
        "name": "Omu-Aran",
        "id": 1
      },
      {
        "name": "Owu-Isin",
        "id": 1
      },
      {
        "name": "Patigi",
        "id": 1
      },
      {
        "name": "Share",
        "id": 1
      }
    ],
    "locals": [
      {
        "name": "Baruten",
        "id": 1
      },
      {
        "name": "Edu",
        "id": 2
      },
      {
        "name": "Ekiti",
        "id": 3
      },
      {
        "name": "Ifelodun",
        "id": 4
      },
      {
        "name": "Ilorin East",
        "id": 5
      },
      {
        "name": "Ilorin South",
        "id": 6
      },
      {
        "name": "Ilorin West",
        "id": 7
      },
      {
        "name": "Irepodun",
        "id": 8
      },
      {
        "name": "Isin",
        "id": 9
      },
      {
        "name": "Kaiama",
        "id": 10
      },
      {
        "name": "Moro",
        "id": 11
      },
      {
        "name": "Offa",
        "id": 12
      },
      {
        "name": "Oke Ero",
        "id": 13
      },
      {
        "name": "Oyun",
        "id": 14
      },
      {
        "name": "Pategi",
        "id": 15
      }
    ]
  },
  {
    "name": "Lagos",
    "id": 25,
    "citys": [
      {
        "name": "Agege",
        "id": 1
      },
      {
        "name": "Ajegunle",
        "id": 1
      },
      {
        "name": "Akodo",
        "id": 1
      },
      {
        "name": "Apapa",
        "id": 1
      },
      {
        "name": "Badagry",
        "id": 1
      },
      {
        "name": "Ebute-Metta",
        "id": 1
      },
      {
        "name": "Epe",
        "id": 1
      },
      {
        "name": "Festac Town",
        "id": 1
      },
      {
        "name": "Ifako",
        "id": 1
      },
      {
        "name": "Ikeja",
        "id": 1
      },
      {
        "name": "Ikorodu",
        "id": 1
      },
      {
        "name": "Ikotun",
        "id": 1
      },
      {
        "name": "Ikoyi",
        "id": 1
      },
      {
        "name": "Lagos",
        "id": 1
      },
      {
        "name": "Mushin",
        "id": 1
      },
      {
        "name": "Ojo",
        "id": 1
      },
      {
        "name": "Ojota",
        "id": 1
      },
      {
        "name": "Oshodi",
        "id": 1
      },
      {
        "name": "Somolu",
        "id": 1
      },
      {
        "name": "Surulere",
        "id": 1
      }
    ],
    "locals": [
      {
        "name": "Ajeromi-Ifelodun",
        "id": 1
      },
      {
        "name": "Alimosho",
        "id": 2
      },
      {
        "name": "Amuwo-Odofin",
        "id": 3
      },
      {
        "name": "Apapa",
        "id": 4
      },
      {
        "name": "Badagry",
        "id": 5
      },
      {
        "name": "Epe",
        "id": 6
      },
      {
        "name": "Eti Osa",
        "id": 7
      },
      {
        "name": "Ibeju-Lekki",
        "id": 8
      },
      {
        "name": "Ifako-Ijaiye",
        "id": 9
      },
      {
        "name": "Ikeja",
        "id": 10
      },
      {
        "name": "Ikorodu",
        "id": 11
      },
      {
        "name": "Kosofe",
        "id": 12
      },
      {
        "name": "Lagos Island",
        "id": 13
      },
      {
        "name": "Lagos Mainland",
        "id": 14
      },
      {
        "name": "Mushin",
        "id": 15
      },
      {
        "name": "Ojo",
        "id": 16
      },
      {
        "name": "Oshodi-Isolo",
        "id": 17
      },
      {
        "name": "Shomolu",
        "id": 18
      },
      {
        "name": "Surulere",
        "id": 19
      }
    ]
  },
  {
    "name": "Nasarawa",
    "id": 26,
    "citys": [
      {
        "name": "Akwanga",
        "id": 1
      },
      {
        "name": "Awe",
        "id": 1
      },
      {
        "name": "Doma",
        "id": 1
      },
      {
        "name": "Garaku",
        "id": 1
      },
      {
        "name": "Karu",
        "id": 1
      },
      {
        "name": "Keana",
        "id": 1
      },
      {
        "name": "Keffi",
        "id": 1
      },
      {
        "name": "Lafia",
        "id": 1
      },
      {
        "name": "Nasarawa",
        "id": 1
      },
      {
        "name": "Nasarawa Egon",
        "id": 1
      },
      {
        "name": "Obi",
        "id": 1
      },
      {
        "name": "Toto",
        "id": 1
      },
      {
        "name": "Wamba",
        "id": 1
      }
    ],
    "locals": [
      {
        "name": "Awe",
        "id": 1
      },
      {
        "name": "Doma",
        "id": 2
      },
      {
        "name": "Karu",
        "id": 3
      },
      {
        "name": "Keana",
        "id": 4
      },
      {
        "name": "Keffi",
        "id": 5
      },
      {
        "name": "Kokona",
        "id": 6
      },
      {
        "name": "Lafia",
        "id": 7
      },
      {
        "name": "Nasarawa",
        "id": 8
      },
      {
        "name": "Nasarawa Egon",
        "id": 9
      },
      {
        "name": "Obi",
        "id": 10
      },
      {
        "name": "Toto",
        "id": 11
      },
      {
        "name": "Wamba",
        "id": 12
      }
    ]
  },
  {
    "name": "Niger",
    "id": 27,
    "citys": [
      {
        "name": "Agaie",
        "id": 1
      },
      {
        "name": "Agwara",
        "id": 1
      },
      {
        "name": "Bangi",
        "id": 1
      },
      {
        "name": "Bida",
        "id": 1
      },
      {
        "name": "Enagi",
        "id": 1
      },
      {
        "name": "Gawu Babangida",
        "id": 1
      },
      {
        "name": "Kagara",
        "id": 1
      },
      {
        "name": "Katcha",
        "id": 1
      },
      {
        "name": "Kontagora",
        "id": 1
      },
      {
        "name": "Kuta",
        "id": 1
      },
      {
        "name": "Kutigi",
        "id": 1
      },
      {
        "name": "Lapai",
        "id": 1
      },
      {
        "name": "Lemu",
        "id": 1
      },
      {
        "name": "Maikunkele",
        "id": 1
      },
      {
        "name": "Mashegu",
        "id": 1
      },
      {
        "name": "Minna",
        "id": 1
      },
      {
        "name": "Mokwa",
        "id": 1
      },
      {
        "name": "Nasko",
        "id": 1
      },
      {
        "name": "New Bussa",
        "id": 1
      },
      {
        "name": "Paiko",
        "id": 1
      },
      {
        "name": "Rijau",
        "id": 1
      },
      {
        "name": "Sabon Wuse",
        "id": 1
      },
      {
        "name": "Sarkin Pawa",
        "id": 1
      },
      {
        "name": "Suleja",
        "id": 1
      },
      {
        "name": "Wushishi",
        "id": 1
      }
    ],
    "locals": [
      {
        "name": "Agwara",
        "id": 1
      },
      {
        "name": "Bida",
        "id": 2
      },
      {
        "name": "Borgu",
        "id": 3
      },
      {
        "name": "Bosso",
        "id": 4
      },
      {
        "name": "Chanchaga",
        "id": 5
      },
      {
        "name": "Edati",
        "id": 6
      },
      {
        "name": "Gbako",
        "id": 7
      },
      {
        "name": "Gurara",
        "id": 8
      },
      {
        "name": "Katcha",
        "id": 9
      },
      {
        "name": "Kontagora",
        "id": 10
      },
      {
        "name": "Lapai",
        "id": 11
      },
      {
        "name": "Lavun",
        "id": 12
      },
      {
        "name": "Magama",
        "id": 13
      },
      {
        "name": "Mariga",
        "id": 14
      },
      {
        "name": "Mashegu",
        "id": 15
      },
      {
        "name": "Mokwa",
        "id": 16
      },
      {
        "name": "Moya",
        "id": 17
      },
      {
        "name": "Paikoro",
        "id": 18
      },
      {
        "name": "Rafi",
        "id": 19
      },
      {
        "name": "Rijau",
        "id": 20
      },
      {
        "name": "Shiroro",
        "id": 21
      },
      {
        "name": "Suleja",
        "id": 22
      },
      {
        "name": "Tafa",
        "id": 23
      },
      {
        "name": "Wushishi",
        "id": 24
      }
    ]
  },
  {
    "name": "Ogun",
    "id": 28,
    "citys": [
      {
        "name": "Abeokuta",
        "id": 1
      },
      {
        "name": "Abigi",
        "id": 1
      },
      {
        "name": "Atan",
        "id": 1
      },
      {
        "name": "Ayetoro",
        "id": 1
      },
      {
        "name": "Ifo",
        "id": 1
      },
      {
        "name": "Ijebu-Igbo",
        "id": 1
      },
      {
        "name": "Ijebu-Ode",
        "id": 1
      },
      {
        "name": "Ikenne",
        "id": 1
      },
      {
        "name": "Ilaro",
        "id": 1
      },
      {
        "name": "Imeko",
        "id": 1
      },
      {
        "name": "Ipokia",
        "id": 1
      },
      {
        "name": "Isara",
        "id": 1
      },
      {
        "name": "Itori",
        "id": 1
      },
      {
        "name": "Odeda",
        "id": 1
      },
      {
        "name": "Odogbolu",
        "id": 1
      },
      {
        "name": "Ogbere",
        "id": 1
      },
      {
        "name": "Ota",
        "id": 1
      },
      {
        "name": "Owode",
        "id": 1
      },
      {
        "name": "Shagamu",
        "id": 1
      }
    ],
    "locals": [
      {
        "name": "Abeokuta North",
        "id": 0
      },
      {
        "name": "Abeokuta South",
        "id": 1
      },
      {
        "name": "Ado-Odo\/Ota",
        "id": 2
      },
      {
        "name": "Egbado North",
        "id": 3
      },
      {
        "name": "Egbado South",
        "id": 4
      },
      {
        "name": "Ewekoro",
        "id": 5
      },
      {
        "name": "Ifo",
        "id": 6
      },
      {
        "name": "Ijebu East",
        "id": 7
      },
      {
        "name": "Ijebu North",
        "id": 8
      },
      {
        "name": "Ijebu North East",
        "id": 9
      },
      {
        "name": "Ijebu Ode",
        "id": 10
      },
      {
        "name": "Ikenne",
        "id": 11
      },
      {
        "name": "Imeko Afon",
        "id": 12
      },
      {
        "name": "Ipokia",
        "id": 13
      },
      {
        "name": "Obafemi Owode",
        "id": 14
      },
      {
        "name": "Odeda",
        "id": 15
      },
      {
        "name": "Odogbolu",
        "id": 16
      },
      {
        "name": "Ogun Waterside",
        "id": 17
      },
      {
        "name": "Remo North",
        "id": 18
      },
      {
        "name": "Shagamu",
        "id": 19
      }
    ]
  },
  {
    "name": "Ondo",
    "id": 29,
    "citys": [
      {
        "name": "Akure",
        "id": 1
      },
      {
        "name": "Bolorunduro",
        "id": 1
      },
      {
        "name": "Ifon",
        "id": 1
      },
      {
        "name": "Igbara-Oke",
        "id": 1
      },
      {
        "name": "Igbekebo",
        "id": 1
      },
      {
        "name": "Igbokoda",
        "id": 1
      },
      {
        "name": "Iju",
        "id": 1
      },
      {
        "name": "Ikare",
        "id": 1
      },
      {
        "name": "Ile-Oluji",
        "id": 1
      },
      {
        "name": "Isua",
        "id": 1
      },
      {
        "name": "Ita-Ogbolu",
        "id": 1
      },
      {
        "name": "Ode-Irele",
        "id": 1
      },
      {
        "name": "Oka",
        "id": 1
      },
      {
        "name": "Oke-Agbe",
        "id": 1
      },
      {
        "name": "Okitipupa",
        "id": 1
      },
      {
        "name": "Ondo",
        "id": 1
      },
      {
        "name": "Ore",
        "id": 1
      },
      {
        "name": "Owena",
        "id": 1
      },
      {
        "name": "Owo",
        "id": 1
      }
    ],
    "locals": [
      {
        "name": "Akoko North-West",
        "id": 1
      },
      {
        "name": "Akoko South-West",
        "id": 2
      },
      {
        "name": "Akoko South-East",
        "id": 3
      },
      {
        "name": "Akure North",
        "id": 4
      },
      {
        "name": "Akure South",
        "id": 5
      },
      {
        "name": "Ese Odo",
        "id": 6
      },
      {
        "name": "Idanre",
        "id": 7
      },
      {
        "name": "Ifedore",
        "id": 8
      },
      {
        "name": "Ilaje",
        "id": 9
      },
      {
        "name": "Ile Oluji\/Okeigbo",
        "id": 10
      },
      {
        "name": "Irele",
        "id": 11
      },
      {
        "name": "Odigbo",
        "id": 12
      },
      {
        "name": "Okitipupa",
        "id": 13
      },
      {
        "name": "Ondo East",
        "id": 14
      },
      {
        "name": "Ondo West",
        "id": 15
      },
      {
        "name": "Ose",
        "id": 16
      },
      {
        "name": "Owo",
        "id": 17
      }
    ]
  },
  {
    "name": "Osun",
    "id": 30,
    "citys": [
      {
        "name": "Apomu",
        "id": 1
      },
      {
        "name": "Awo",
        "id": 1
      },
      {
        "name": "Bode Osi",
        "id": 1
      },
      {
        "name": "Ede",
        "id": 1
      },
      {
        "name": "Ejigbo",
        "id": 1
      },
      {
        "name": "Gbongan",
        "id": 1
      },
      {
        "name": "Ibokun",
        "id": 1
      },
      {
        "name": "Ifetedo",
        "id": 1
      },
      {
        "name": "Ifon",
        "id": 1
      },
      {
        "name": "Ijebu-Jesa",
        "id": 1
      },
      {
        "name": "Ikire",
        "id": 1
      },
      {
        "name": "Ikirun",
        "id": 1
      },
      {
        "name": "Ila Orangun",
        "id": 1
      },
      {
        "name": "Ile-Ife",
        "id": 1
      },
      {
        "name": "Ile-Ogbo",
        "id": 1
      },
      {
        "name": "Ilesa",
        "id": 1
      },
      {
        "name": "Ilobu",
        "id": 1
      },
      {
        "name": "Iperindo",
        "id": 1
      },
      {
        "name": "Ipetumodu",
        "id": 1
      },
      {
        "name": "Iragbiji",
        "id": 1
      },
      {
        "name": "Iwo",
        "id": 1
      },
      {
        "name": "Oke-Ila",
        "id": 1
      },
      {
        "name": "Okuku",
        "id": 1
      },
      {
        "name": "Osogbo",
        "id": 1
      },
      {
        "name": "Osu",
        "id": 1
      },
      {
        "name": "Otan Ayegbaju",
        "id": 1
      }
    ],
    "locals": [
      {
        "name": "Atakunmosa West",
        "id": 1
      },
      {
        "name": "Aiyedaade",
        "id": 2
      },
      {
        "name": "Aiyedire",
        "id": 3
      },
      {
        "name": "Boluwaduro",
        "id": 4
      },
      {
        "name": "Boripe",
        "id": 5
      },
      {
        "name": "Ede North",
        "id": 6
      },
      {
        "name": "Ede South",
        "id": 7
      },
      {
        "name": "Ife Central",
        "id": 8
      },
      {
        "name": "Ife East",
        "id": 9
      },
      {
        "name": "Ife North",
        "id": 10
      },
      {
        "name": "Ife South",
        "id": 11
      },
      {
        "name": "Egbedore",
        "id": 12
      },
      {
        "name": "Ejigbo",
        "id": 13
      },
      {
        "name": "Ifedayo",
        "id": 14
      },
      {
        "name": "Ifelodun",
        "id": 15
      },
      {
        "name": "Ila",
        "id": 16
      },
      {
        "name": "Ilesa East",
        "id": 17
      },
      {
        "name": "Ilesa West",
        "id": 18
      },
      {
        "name": "Irepodun",
        "id": 19
      },
      {
        "name": "Irewole",
        "id": 20
      },
      {
        "name": "Isokan",
        "id": 21
      },
      {
        "name": "Iwo",
        "id": 22
      },
      {
        "name": "Obokun",
        "id": 23
      },
      {
        "name": "Odo Otin",
        "id": 24
      },
      {
        "name": "Ola Oluwa",
        "id": 25
      },
      {
        "name": "Olorunda",
        "id": 26
      },
      {
        "name": "Oriade",
        "id": 27
      },
      {
        "name": "Orolu",
        "id": 28
      },
      {
        "name": "Osogbo",
        "id": 29
      }
    ]
  },
  {
    "name": "Oyo",
    "id": 31,
    "citys": [
      {
        "name": "Ago-Amodu",
        "id": 1
      },
      {
        "name": "Ajaawa",
        "id": 1
      },
      {
        "name": "Akanran",
        "id": 1
      },
      {
        "name": "Ayete",
        "id": 1
      },
      {
        "name": "Egbeda",
        "id": 1
      },
      {
        "name": "Eruwa",
        "id": 1
      },
      {
        "name": "Ibadan",
        "id": 1
      },
      {
        "name": "Idi-Ayunre",
        "id": 1
      },
      {
        "name": "Ido",
        "id": 1
      },
      {
        "name": "Igbeti",
        "id": 1
      },
      {
        "name": "Igboho",
        "id": 1
      },
      {
        "name": "Igbo-Ora",
        "id": 1
      },
      {
        "name": "Ikoyi-Ile",
        "id": 1
      },
      {
        "name": "Iresa-Adu",
        "id": 1
      },
      {
        "name": "Iseyin",
        "id": 1
      },
      {
        "name": "Iwere-Ile",
        "id": 1
      },
      {
        "name": "Iyana-Ofa",
        "id": 1
      },
      {
        "name": "Jobele",
        "id": 1
      },
      {
        "name": "Kisi",
        "id": 1
      },
      {
        "name": "Moniya",
        "id": 1
      },
      {
        "name": "Ogbomoso",
        "id": 1
      },
      {
        "name": "Okeho",
        "id": 1
      },
      {
        "name": "Otu",
        "id": 1
      },
      {
        "name": "Oyo",
        "id": 1
      },
      {
        "name": "Saki",
        "id": 1
      },
      {
        "name": "Tede",
        "id": 1
      }
    ],
    "locals": [
      {
        "name": "Akinyele",
        "id": 1
      },
      {
        "name": "Atiba",
        "id": 2
      },
      {
        "name": "Atisbo",
        "id": 3
      },
      {
        "name": "Egbeda",
        "id": 4
      },
      {
        "name": "Ibadan North",
        "id": 5
      },
      {
        "name": "Ibadan North-East",
        "id": 6
      },
      {
        "name": "Ibadan North-West",
        "id": 7
      },
      {
        "name": "Ibadan South-East",
        "id": 8
      },
      {
        "name": "Ibadan South-West",
        "id": 9
      },
      {
        "name": "Ibarapa Central",
        "id": 10
      },
      {
        "name": "Ibarapa East",
        "id": 11
      },
      {
        "name": "Ibarapa North",
        "id": 12
      },
      {
        "name": "Ido",
        "id": 13
      },
      {
        "name": "Irepo",
        "id": 14
      },
      {
        "name": "Iseyin",
        "id": 15
      },
      {
        "name": "Itesiwaju",
        "id": 16
      },
      {
        "name": "Iwajowa",
        "id": 17
      },
      {
        "name": "Kajola",
        "id": 18
      },
      {
        "name": "Lagelu",
        "id": 19
      },
      {
        "name": "Ogbomosho North",
        "id": 20
      },
      {
        "name": "Ogbomosho South",
        "id": 21
      },
      {
        "name": "Ogo Oluwa",
        "id": 22
      },
      {
        "name": "Olorunsogo",
        "id": 23
      },
      {
        "name": "Oluyole",
        "id": 24
      },
      {
        "name": "Ona Ara",
        "id": 25
      },
      {
        "name": "Orelope",
        "id": 26
      },
      {
        "name": "Ori Ire",
        "id": 27
      },
      {
        "name": "Oyo",
        "id": 28
      },
      {
        "name": "Oyo East",
        "id": 29
      },
      {
        "name": "Saki East",
        "id": 30
      },
      {
        "name": "Saki West",
        "id": 31
      },
      {
        "name": "Surulere",
        "id": 32
      }
    ]
  },
  {
    "name": "Plateau",
    "id": 32,
    "citys": [
      {
        "name": "Angware",
        "id": 1
      },
      {
        "name": "Baap",
        "id": 1
      },
      {
        "name": "Barkin Ladi",
        "id": 1
      },
      {
        "name": "Bassa",
        "id": 1
      },
      {
        "name": "Bokkos",
        "id": 1
      },
      {
        "name": "Bukuru",
        "id": 1
      },
      {
        "name": "Dengi",
        "id": 1
      },
      {
        "name": "Jos",
        "id": 1
      },
      {
        "name": "Kwal",
        "id": 1
      },
      {
        "name": "Langtang",
        "id": 1
      },
      {
        "name": "Mabudi",
        "id": 1
      },
      {
        "name": "Mangu",
        "id": 1
      },
      {
        "name": "Pankshin",
        "id": 1
      },
      {
        "name": "Riyom",
        "id": 1
      },
      {
        "name": "Shendam",
        "id": 1
      },
      {
        "name": "Tunkus",
        "id": 1
      },
      {
        "name": "Wase",
        "id": 1
      }
    ],
    "locals": [
      {
        "name": "Barkin Ladi",
        "id": 1
      },
      {
        "name": "Bassa",
        "id": 2
      },
      {
        "name": "Jos East",
        "id": 3
      },
      {
        "name": "Jos North",
        "id": 4
      },
      {
        "name": "Jos South",
        "id": 5
      },
      {
        "name": "Kanam",
        "id": 6
      },
      {
        "name": "Kanke",
        "id": 7
      },
      {
        "name": "Langtang South",
        "id": 8
      },
      {
        "name": "Langtang North",
        "id": 9
      },
      {
        "name": "Mangu",
        "id": 10
      },
      {
        "name": "Mikang",
        "id": 11
      },
      {
        "name": "Pankshin",
        "id": 12
      },
      {
        "name": "Qua'an Pan",
        "id": 13
      },
      {
        "name": "Riyom",
        "id": 14
      },
      {
        "name": "Shendam",
        "id": 15
      },
      {
        "name": "Wase",
        "id": 16
      }
    ]
  },
  {
    "name": "Rivers",
    "id": 33,
    "citys": [
      {
        "name": "Abonnema",
        "id": 1
      },
      {
        "name": "Abua",
        "id": 1
      },
      {
        "name": "Afam",
        "id": 1
      },
      {
        "name": "Ahoada",
        "id": 1
      },
      {
        "name": "Akinima",
        "id": 1
      },
      {
        "name": "Bonny",
        "id": 1
      },
      {
        "name": "Bori",
        "id": 1
      },
      {
        "name": "Buguma",
        "id": 1
      },
      {
        "name": "Degema",
        "id": 1
      },
      {
        "name": "Eberi",
        "id": 1
      },
      {
        "name": "Emuoha",
        "id": 1
      },
      {
        "name": "Isiokpo",
        "id": 1
      },
      {
        "name": "Kpor",
        "id": 1
      },
      {
        "name": "Nchia",
        "id": 1
      },
      {
        "name": "Ngo",
        "id": 1
      },
      {
        "name": "Ogu",
        "id": 1
      },
      {
        "name": "Okehi",
        "id": 1
      },
      {
        "name": "Okrika",
        "id": 1
      },
      {
        "name": "Omoku",
        "id": 1
      },
      {
        "name": "Opobo",
        "id": 1
      },
      {
        "name": "Port Harcourt",
        "id": 1
      },
      {
        "name": "Rumuodomaya",
        "id": 1
      },
      {
        "name": "Saakpenwa",
        "id": 1
      }
    ],
    "locals": [
      {
        "name": "Ahoada East",
        "id": 1
      },
      {
        "name": "Ahoada West",
        "id": 2
      },
      {
        "name": "Akuku-Toru",
        "id": 3
      },
      {
        "name": "Andoni",
        "id": 4
      },
      {
        "name": "Asari-Toru",
        "id": 5
      },
      {
        "name": "Bonny",
        "id": 6
      },
      {
        "name": "Degema",
        "id": 7
      },
      {
        "name": "Eleme",
        "id": 8
      },
      {
        "name": "Emuoha",
        "id": 9
      },
      {
        "name": "Etche",
        "id": 10
      },
      {
        "name": "Gokana",
        "id": 11
      },
      {
        "name": "Ikwerre",
        "id": 12
      },
      {
        "name": "Khana",
        "id": 13
      },
      {
        "name": "Obio\/Akpor",
        "id": 14
      },
      {
        "name": "Ogba\/Egbema\/Ndoni",
        "id": 15
      },
      {
        "name": "Ogu\/Bolo",
        "id": 16
      },
      {
        "name": "Okrika",
        "id": 17
      },
      {
        "name": "Omuma",
        "id": 18
      },
      {
        "name": "Opobo\/Nkoro",
        "id": 19
      },
      {
        "name": "Oyigbo",
        "id": 20
      },
      {
        "name": "Port Harcourt",
        "id": 21
      },
      {
        "name": "Tai",
        "id": 22
      }
    ]
  },
  {
    "name": "Sokoto",
    "id": 34,
    "citys": [
      {
        "name": "Balle",
        "id": 1
      },
      {
        "name": "Binji",
        "id": 1
      },
      {
        "name": "Bodinga",
        "id": 1
      },
      {
        "name": "Dange",
        "id": 1
      },
      {
        "name": "Gada",
        "id": 1
      },
      {
        "name": "Gidan Madi",
        "id": 1
      },
      {
        "name": "Goronyo",
        "id": 1
      },
      {
        "name": "Gwadabawa",
        "id": 1
      },
      {
        "name": "Illela",
        "id": 1
      },
      {
        "name": "Isa",
        "id": 1
      },
      {
        "name": "Kebbe",
        "id": 1
      },
      {
        "name": "Kware",
        "id": 1
      },
      {
        "name": "Rabah",
        "id": 1
      },
      {
        "name": "Sabon Birni",
        "id": 1
      },
      {
        "name": "Shagari",
        "id": 1
      },
      {
        "name": "Silame",
        "id": 1
      },
      {
        "name": "Sokoto",
        "id": 1
      },
      {
        "name": "Sokoto",
        "id": 1
      },
      {
        "name": "Tambuwal",
        "id": 1
      },
      {
        "name": "Tureta",
        "id": 1
      },
      {
        "name": "Wamako",
        "id": 1
      },
      {
        "name": "Wurno",
        "id": 1
      },
      {
        "name": "Yabo",
        "id": 1
      }
    ],
    "locals": [
      {
        "name": "Bodinga",
        "id": 1
      },
      {
        "name": "Dange Shuni",
        "id": 2
      },
      {
        "name": "Gada",
        "id": 3
      },
      {
        "name": "Goronyo",
        "id": 4
      },
      {
        "name": "Gudu",
        "id": 5
      },
      {
        "name": "Gwadabawa",
        "id": 6
      },
      {
        "name": "Illela",
        "id": 7
      },
      {
        "name": "Isa",
        "id": 8
      },
      {
        "name": "Kebbe",
        "id": 9
      },
      {
        "name": "Kware",
        "id": 10
      },
      {
        "name": "Rabah",
        "id": 11
      },
      {
        "name": "Sabon Birni",
        "id": 12
      },
      {
        "name": "Shagari",
        "id": 13
      },
      {
        "name": "Silame",
        "id": 14
      },
      {
        "name": "Sokoto North",
        "id": 15
      },
      {
        "name": "Sokoto South",
        "id": 16
      },
      {
        "name": "Tambuwal",
        "id": 17
      },
      {
        "name": "Tangaza",
        "id": 18
      },
      {
        "name": "Tureta",
        "id": 19
      },
      {
        "name": "Wamako",
        "id": 20
      },
      {
        "name": "Wurno",
        "id": 21
      },
      {
        "name": "Yabo",
        "id": 22
      }
    ]
  },
  {
    "name": "Taraba",
    "id": 35,
    "citys": [
      {
        "name": "Baissa",
        "id": 1
      },
      {
        "name": "Bali",
        "id": 1
      },
      {
        "name": "Donga",
        "id": 1
      },
      {
        "name": "Gembu",
        "id": 1
      },
      {
        "name": "Ibi",
        "id": 1
      },
      {
        "name": "Jalingo",
        "id": 1
      },
      {
        "name": "Karim Lamido",
        "id": 1
      },
      {
        "name": "Lau",
        "id": 1
      },
      {
        "name": "Lissam",
        "id": 1
      },
      {
        "name": "Mutum Biyu",
        "id": 1
      },
      {
        "name": "Pantisawa",
        "id": 1
      },
      {
        "name": "Serti",
        "id": 1
      },
      {
        "name": "Sunkani",
        "id": 1
      },
      {
        "name": "Takum",
        "id": 1
      },
      {
        "name": "Wukari",
        "id": 1
      },
      {
        "name": "Zing",
        "id": 1
      }
    ],
    "locals": [
      {
        "name": "Bali",
        "id": 1
      },
      {
        "name": "Donga",
        "id": 2
      },
      {
        "name": "Gashaka",
        "id": 3
      },
      {
        "name": "Gassol",
        "id": 4
      },
      {
        "name": "Ibi",
        "id": 5
      },
      {
        "name": "Jalingo",
        "id": 6
      },
      {
        "name": "Karim Lamido",
        "id": 7
      },
      {
        "name": "Kumi",
        "id": 8
      },
      {
        "name": "Lau",
        "id": 9
      },
      {
        "name": "Sardauna",
        "id": 10
      },
      {
        "name": "Takum",
        "id": 11
      },
      {
        "name": "Ussa",
        "id": 12
      },
      {
        "name": "Wukari",
        "id": 13
      },
      {
        "name": "Yorro",
        "id": 14
      },
      {
        "name": "Zing",
        "id": 15
      }
    ]
  },
  {
    "name": "Yobe",
    "id": 36,
    "citys": [
      {
        "name": "Babban Gida",
        "id": 1
      },
      {
        "name": "Bara",
        "id": 1
      },
      {
        "name": "Buni Yadi",
        "id": 1
      },
      {
        "name": "Damagum",
        "id": 1
      },
      {
        "name": "Damaturu",
        "id": 1
      },
      {
        "name": "Dapchi",
        "id": 1
      },
      {
        "name": "Fika",
        "id": 1
      },
      {
        "name": "Gashua",
        "id": 1
      },
      {
        "name": "Geidam",
        "id": 1
      },
      {
        "name": "Jajimaji",
        "id": 1
      },
      {
        "name": "Jakusko",
        "id": 1
      },
      {
        "name": "Kanamma",
        "id": 1
      },
      {
        "name": "Machina",
        "id": 1
      },
      {
        "name": "Nguru",
        "id": 1
      },
      {
        "name": "Potiskum",
        "id": 1
      },
      {
        "name": "Sabon Garin Nangere",
        "id": 1
      },
      {
        "name": "Yusufari",
        "id": 1
      }
    ],
    "locals": [
      {
        "name": "Bursari",
        "id": 1
      },
      {
        "name": "Damaturu",
        "id": 2
      },
      {
        "name": "Fika",
        "id": 3
      },
      {
        "name": "Fune",
        "id": 4
      },
      {
        "name": "Geidam",
        "id": 5
      },
      {
        "name": "Gujba",
        "id": 6
      },
      {
        "name": "Gulani",
        "id": 7
      },
      {
        "name": "Jakusko",
        "id": 8
      },
      {
        "name": "Karasuwa",
        "id": 9
      },
      {
        "name": "Machina",
        "id": 10
      },
      {
        "name": "Nangere",
        "id": 11
      },
      {
        "name": "Nguru",
        "id": 12
      },
      {
        "name": "Potiskum",
        "id": 13
      },
      {
        "name": "Tarmuwa",
        "id": 14
      },
      {
        "name": "Yunusari",
        "id": 15
      },
      {
        "name": "Yusufari",
        "id": 16
      }
    ]
  },
  {
    "name": "Zamfara",
    "id": 37,
    "citys": [
      {
        "name": "Anka",
        "id": 1
      },
      {
        "name": "Bakura",
        "id": 1
      },
      {
        "name": "Birnin Magaji",
        "id": 1
      },
      {
        "name": "Bukkuyum",
        "id": 1
      },
      {
        "name": "Bungudu",
        "id": 1
      },
      {
        "name": "Gummi",
        "id": 1
      },
      {
        "name": "Gusau",
        "id": 1
      },
      {
        "name": "Kaura Namoda",
        "id": 1
      },
      {
        "name": "Maradun",
        "id": 1
      },
      {
        "name": "Maru",
        "id": 1
      },
      {
        "name": "Shinkafi",
        "id": 1
      },
      {
        "name": "Talata Mafara",
        "id": 1
      },
      {
        "name": "Tsafe",
        "id": 1
      },
      {
        "name": "Zurmi",
        "id": 1
      }
    ],
    "locals": [
      {
        "name": "Bakura",
        "id": 1
      },
      {
        "name": "Birnin Magaji\/Kiyaw",
        "id": 2
      },
      {
        "name": "Bukkuyum",
        "id": 3
      },
      {
        "name": "Bungudu",
        "id": 4
      },
      {
        "name": "Gummi",
        "id": 5
      },
      {
        "name": "Gusau",
        "id": 6
      },
      {
        "name": "Kaura Namoda",
        "id": 7
      },
      {
        "name": "Maradun",
        "id": 8
      },
      {
        "name": "Maru",
        "id": 9
      },
      {
        "name": "Shinkafi",
        "id": 10
      },
      {
        "name": "Talata Mafara",
        "id": 11
      },
      {
        "name": "Chafe",
        "id": 12
      },
      {
        "name": "Zurmi",
        "id": 13
      }
    ]
  }
]
